tenure_months,monthly_charge,total_charges,support_tickets,late_payments,avg_monthly_usage_gb,has_streaming,has_security_pack,num_products,customer_age,is_promo,contract_type,payment_method,internet_service,region,prediction,prediction_proba
50,73.06,3788.2,3,0,168.44,0,0,1,21,0,anual,debito,fibra,centro,0,0.2240845299154726
68,59.73,4067.5,1,0,55.84,1,0,3,64,1,anual,transferencia,fibra,centro,0,0.10848706204803937
55,50.3,2757.09,0,1,140.28,1,0,1,26,0,mensual,transferencia,fibra,norte,0,0.31736342172987875
27,57.3,1304.81,3,0,118.19,1,1,2,33,0,anual,transferencia,fibra,sur,0,0.22434223524410832
54,58.41,2940.12,0,1,5.0,0,1,3,59,0,mensual,credito,cable,oeste,0,0.48837816008610085
21,79.41,1582.71,1,0,103.36,0,1,1,30,1,anual,transferencia,fibra,oeste,0,0.28456866823440685
57,48.85,2807.78,3,4,86.05,0,0,1,64,0,anual,debito,fibra,norte,0,0.3326093205950692
13,100.9,1309.72,0,0,146.02,1,0,3,35,0,bianual,transferencia,ninguno,centro,0,0.19335379928226984
29,63.82,1717.27,1,0,71.82,0,0,3,55,0,mensual,credito,fibra,norte,0,0.4748770748184885
25,71.5,1916.91,0,1,121.23,1,1,4,36,0,mensual,credito,movil,oeste,1,0.7585606156314291
19,58.75,1184.39,2,0,54.22,1,1,1,51,1,mensual,debito,ninguno,sur,1,0.6874322001102466
12,75.48,931.47,2,0,76.23,0,0,4,31,0,mensual,debito,fibra,sur,1,0.6838432306687627
69,40.39,2847.16,1,0,142.54,1,0,2,53,0,anual,efectivo,cable,sur,0,0.1669560322984361
15,52.97,648.32,3,1,129.45,0,0,4,37,1,anual,debito,cable,sur,1,0.5434388903550889
66,76.18,5112.78,1,0,92.91,1,1,3,33,1,mensual,debito,fibra,norte,0,0.3455637027742116
18,81.91,1395.39,1,0,109.87,1,1,2,34,1,anual,credito,fibra,centro,0,0.2669701868689719
29,99.36,2816.58,2,0,90.39,1,1,2,28,1,anual,credito,fibra,centro,0,0.30067347037983766
8,59.61,368.73,5,2,159.33,1,1,2,49,1,anual,debito,cable,sur,1,0.6936027554465717
38,66.83,2516.61,2,1,89.43,0,1,2,78,0,anual,efectivo,fibra,centro,0,0.29710175448524195
15,74.42,1158.75,1,0,84.64,0,0,4,68,1,mensual,debito,fibra,sur,1,0.6605044413161305
29,18.07,297.25,0,0,171.24,0,1,3,52,0,mensual,credito,cable,sur,0,0.4061991776882845
39,101.58,3979.77,3,0,141.92,1,0,1,27,0,bianual,debito,movil,sur,0,0.4327435033608124
29,83.87,2466.8,1,0,144.59,0,1,2,34,1,bianual,efectivo,fibra,norte,0,0.1762927057041908
34,38.82,1446.83,2,2,45.88,1,1,4,45,0,anual,transferencia,cable,norte,0,0.29570090171388436
44,60.6,2788.35,2,0,163.64,1,0,3,48,1,anual,credito,movil,centro,0,0.42158524149041554
5,59.54,472.4,1,2,104.72,1,1,1,47,1,bianual,credito,cable,centro,0,0.33562426758765257
20,95.07,1829.94,8,0,245.53,1,1,4,19,1,anual,transferencia,fibra,centro,1,0.5750911982268736
16,65.04,1106.94,2,0,40.71,1,0,3,26,0,mensual,transferencia,fibra,oeste,1,0.6144155771061531
5,54.96,274.31,1,0,104.74,1,1,2,23,0,bianual,credito,movil,norte,0,0.30987749362518263
71,30.21,2146.77,2,2,107.68,1,1,2,64,0,mensual,transferencia,fibra,norte,0,0.3125622399098944
44,60.45,2689.12,1,0,92.24,1,0,1,35,0,mensual,efectivo,movil,centro,1,0.775956725215383
46,51.82,2538.96,1,0,228.72,1,0,1,21,0,bianual,transferencia,fibra,centro,0,0.06193747248482171
19,57.65,1006.99,0,0,141.21,1,0,3,61,0,anual,credito,cable,oeste,0,0.2563001747299259
35,55.8,1772.61,2,1,138.73,1,1,2,75,1,mensual,debito,cable,norte,1,0.6746112949167101
69,35.94,2544.15,5,0,120.67,1,1,3,51,0,mensual,debito,fibra,centro,0,0.3963293347264953
26,68.68,1846.05,0,2,88.41,1,1,1,35,0,bianual,debito,fibra,sur,0,0.14729346977206587
3,74.45,187.01,1,0,89.84,1,1,3,69,0,mensual,transferencia,fibra,norte,1,0.579664730379546
9,46.21,364.58,1,1,185.11,1,1,3,71,0,anual,credito,cable,centro,0,0.31371439764254316
14,74.91,749.0,1,2,125.19,1,0,2,62,1,mensual,transferencia,fibra,oeste,1,0.7373935608757084
22,34.64,817.49,2,1,92.15,1,0,3,38,0,bianual,efectivo,fibra,centro,0,0.17672720599398856
65,66.83,4498.41,1,0,80.44,0,0,2,32,1,mensual,credito,movil,centro,1,0.671645647451239
45,60.82,2846.69,2,1,89.07,0,0,4,41,0,mensual,transferencia,cable,norte,1,0.6171115248494985
24,39.56,1125.17,2,1,194.07,0,1,3,61,1,anual,efectivo,cable,oeste,0,0.44334262046283857
5,83.76,455.25,3,0,139.43,0,1,1,42,0,anual,debito,fibra,centro,0,0.4241445379191605
22,78.1,1744.81,3,0,27.01,1,0,2,58,0,mensual,credito,cable,centro,1,0.7633803879180292
24,88.09,2006.97,0,0,66.59,1,1,4,72,0,mensual,debito,movil,sur,1,0.7773473923928046
23,67.73,1469.43,3,0,167.81,1,0,4,20,0,mensual,credito,movil,centro,1,0.8281679973530427
13,68.8,738.69,3,0,89.47,1,0,1,21,1,mensual,debito,cable,sur,1,0.832462904430081
56,55.37,3317.82,3,1,149.71,1,0,4,76,0,anual,debito,cable,centro,0,0.2763211211676854
53,62.1,3260.65,3,1,105.1,0,1,2,67,0,anual,transferencia,cable,oeste,0,0.2976397027404656
17,61.89,974.34,1,0,137.05,1,0,3,25,1,mensual,transferencia,movil,centro,1,0.8195098551084942
60,59.99,3362.12,0,0,113.15,0,1,4,22,0,anual,transferencia,movil,sur,0,0.229974620527733
17,32.59,502.86,0,0,118.31,1,0,4,26,1,anual,debito,fibra,centro,0,0.18091647157958463
38,76.61,2993.83,2,0,103.01,1,0,3,36,1,anual,debito,fibra,sur,0,0.2606833622873923
10,34.19,525.08,2,1,184.79,1,0,2,66,0,anual,debito,movil,centro,1,0.5612664440586278
31,41.26,1344.4,2,4,44.43,1,0,2,61,0,mensual,credito,fibra,centro,1,0.6908427759399937
21,39.18,777.61,0,1,153.78,0,0,3,40,0,anual,efectivo,movil,norte,1,0.50192693759371
3,61.15,86.39,0,1,109.09,0,0,4,74,1,mensual,efectivo,fibra,oeste,1,0.7487068120326774
50,94.06,4609.95,0,2,100.39,0,1,1,66,0,mensual,transferencia,fibra,norte,0,0.4861459886701439
26,94.24,2669.27,1,2,157.79,0,1,1,66,1,bianual,efectivo,fibra,norte,0,0.2869637918650789
56,53.41,2931.6,4,0,165.49,1,0,2,57,0,bianual,credito,fibra,centro,0,0.08928724386447626
29,71.27,2046.2,2,0,205.23,0,0,3,61,1,bianual,credito,movil,sur,0,0.36362842226987546
21,74.91,1444.68,1,0,157.68,1,1,1,61,1,anual,debito,cable,norte,0,0.35572763053619616
10,96.89,929.02,2,2,37.04,0,0,2,47,0,anual,credito,fibra,oeste,1,0.5268175635453816
55,75.16,4227.15,1,1,160.19,1,1,3,72,0,mensual,credito,cable,sur,1,0.5006835263672996
50,62.91,3100.26,1,1,170.07,1,0,1,20,0,bianual,debito,cable,oeste,0,0.15316155267784531
57,72.23,3972.38,2,0,32.18,1,1,4,18,1,mensual,debito,movil,oeste,1,0.748270765078123
66,105.35,6986.39,2,0,48.69,1,1,4,71,0,mensual,debito,fibra,oeste,0,0.4304481863376513
51,64.24,3367.2,2,0,90.1,1,1,2,19,0,mensual,credito,fibra,norte,0,0.36831142365172703
56,53.83,3111.89,2,1,142.65,1,0,1,38,1,anual,credito,fibra,norte,0,0.1683292982565589
36,87.19,3080.29,1,0,63.71,1,1,4,44,1,bianual,debito,cable,centro,0,0.1983064749063323
69,57.34,4160.6,0,0,116.08,1,0,3,77,1,mensual,debito,fibra,oeste,0,0.2966214783870276
31,53.37,1581.92,1,0,44.18,0,1,3,40,0,mensual,debito,movil,oeste,1,0.7547079976304921
60,28.94,1851.96,0,2,54.27,0,1,2,76,1,bianual,credito,cable,centro,0,0.10177117606933676
55,72.55,3814.78,2,0,57.62,0,1,4,22,0,mensual,credito,movil,centro,1,0.6940852862164864
10,36.54,481.01,1,0,162.57,0,0,4,60,1,bianual,debito,fibra,norte,0,0.12888820508756862
18,79.17,1344.43,0,0,102.03,1,1,4,59,1,mensual,credito,movil,centro,1,0.7874646609673086
18,85.75,1215.1,2,1,110.26,1,1,3,31,0,bianual,credito,fibra,centro,0,0.18928035798349002
24,70.85,1798.06,0,1,137.86,0,1,1,73,1,mensual,credito,fibra,centro,1,0.5586249214727319
27,31.75,962.4,3,0,56.35,1,0,3,26,1,mensual,efectivo,ninguno,oeste,1,0.7189389027361175
44,69.23,2846.06,4,2,48.08,1,0,1,59,0,anual,credito,cable,norte,0,0.4581845967865617
12,79.95,1042.17,1,1,164.34,1,1,4,72,0,mensual,credito,movil,centro,1,0.8326447456004049
9,54.5,456.52,2,2,142.98,1,1,3,26,0,mensual,credito,movil,norte,1,0.860030543356662
41,60.28,2707.9,1,1,143.31,0,1,3,30,0,mensual,debito,fibra,sur,0,0.4705999359706695
46,35.42,1646.31,1,1,91.35,1,1,3,64,1,mensual,debito,fibra,centro,0,0.4220154765876362
31,64.85,1753.31,1,0,262.16,0,1,4,32,0,anual,efectivo,cable,sur,0,0.3068868592449293
17,52.99,1217.57,2,0,109.59,0,0,4,35,0,mensual,transferencia,fibra,centro,1,0.5626000342232045
37,71.77,2683.66,3,0,148.37,0,0,4,21,1,mensual,transferencia,cable,oeste,1,0.7281980534423912
51,42.65,2246.43,3,0,27.74,0,0,4,70,1,mensual,debito,cable,centro,1,0.6413490247506176
63,90.59,5804.51,1,1,129.95,1,1,3,68,1,mensual,transferencia,fibra,norte,0,0.4035976913998473
15,67.94,1088.84,0,1,105.56,1,0,2,54,1,bianual,transferencia,ninguno,sur,0,0.2061780126256639
64,77.93,4971.72,2,0,185.15,1,1,1,38,0,mensual,transferencia,fibra,sur,0,0.34459814558562085
45,46.75,2191.15,1,0,122.49,1,1,1,25,1,mensual,debito,fibra,norte,0,0.3895915487318894
22,89.38,2035.4,0,2,142.53,1,1,3,25,0,anual,debito,fibra,centro,0,0.2984026354330326
36,42.24,1468.42,3,0,106.49,1,1,1,66,0,mensual,credito,fibra,norte,0,0.4321520830905757
33,60.84,1862.25,1,1,140.57,1,1,4,35,1,mensual,debito,ninguno,centro,1,0.6029297877748192
61,115.4,7085.83,2,0,147.96,1,1,3,52,0,bianual,debito,fibra,centro,0,0.09416351603389134
64,55.82,3528.05,1,1,92.81,1,0,3,60,0,mensual,debito,fibra,sur,0,0.3702743676877912
36,75.05,2772.06,1,1,151.29,1,1,2,23,1,anual,debito,fibra,centro,0,0.24597092652671146
29,73.07,1988.18,1,0,198.34,0,0,2,36,1,mensual,debito,movil,sur,1,0.8266023388082757
29,63.96,1935.13,3,2,101.66,0,1,3,47,0,mensual,debito,fibra,norte,1,0.6762385826402733
4,38.06,73.41,0,0,48.12,0,1,2,60,0,mensual,transferencia,fibra,sur,0,0.48297989968180965
40,71.89,2937.54,3,1,121.95,0,0,2,62,0,anual,debito,fibra,centro,0,0.3052663627425368
12,71.05,960.39,2,0,184.01,1,1,2,78,0,bianual,credito,ninguno,centro,0,0.17590034910773503
39,74.99,2885.63,1,1,117.77,1,1,4,66,1,anual,debito,movil,oeste,1,0.5042276066354292
34,40.72,1325.76,3,0,157.54,0,1,4,63,1,anual,debito,cable,norte,0,0.3034165984846991
15,82.51,1061.32,3,1,165.52,1,1,4,51,0,anual,efectivo,cable,sur,1,0.5793846017623581
36,66.62,2277.3,1,2,161.81,0,0,3,68,1,mensual,debito,fibra,sur,1,0.6428353702400817
56,56.75,3154.21,0,2,96.52,0,0,4,53,0,anual,debito,fibra,centro,0,0.15873067413447733
5,87.33,416.82,2,1,141.63,1,0,4,18,1,mensual,efectivo,fibra,centro,1,0.8358088527223716
44,59.92,2608.98,0,1,70.06,1,0,2,26,1,bianual,debito,cable,centro,0,0.168893958148693
13,41.33,542.65,2,0,98.33,1,1,1,58,0,mensual,credito,cable,norte,1,0.623452895218269
12,66.4,664.83,4,1,158.12,1,0,1,56,1,bianual,transferencia,cable,centro,0,0.42954689338888025
3,50.24,57.82,3,2,69.55,1,0,4,52,0,mensual,credito,cable,oeste,1,0.8410318958521038
22,67.07,1553.75,2,0,115.23,1,1,1,59,0,anual,credito,fibra,centro,0,0.22183004949164156
36,79.0,2722.49,2,0,121.36,1,0,1,60,0,bianual,efectivo,cable,sur,0,0.2616097468538058
14,92.85,1106.19,0,1,149.93,1,1,1,59,1,anual,efectivo,movil,norte,1,0.6836022664916807
7,54.33,373.17,0,0,248.44,1,1,1,44,1,mensual,credito,cable,oeste,1,0.637424400679603
34,93.18,3064.23,0,0,166.58,1,1,1,70,0,mensual,debito,fibra,norte,0,0.4460366254782804
34,42.2,1382.7,1,1,170.02,0,1,3,31,0,mensual,debito,fibra,sur,0,0.456777843101683
9,81.09,683.9,4,0,59.61,1,1,4,33,1,mensual,credito,fibra,centro,1,0.7575037463432086
16,71.8,1255.48,2,1,190.41,0,1,4,48,0,mensual,credito,fibra,sur,1,0.619593695285693
68,70.47,4637.14,2,0,80.3,1,0,3,60,0,anual,credito,cable,norte,0,0.16755948616825084
58,63.85,3737.24,2,0,138.7,0,0,2,43,1,mensual,debito,cable,oeste,1,0.612198454754436
10,74.58,1060.85,3,1,80.12,1,0,4,55,0,mensual,transferencia,movil,centro,1,0.9012379852635464
65,64.28,4228.36,3,0,132.47,0,0,3,35,0,anual,credito,cable,centro,0,0.21836540974523455
30,79.1,2517.29,2,1,74.09,1,0,2,48,1,anual,transferencia,movil,sur,1,0.6291476718228999
7,44.59,339.82,1,0,47.09,0,0,1,38,1,anual,credito,fibra,centro,0,0.2882935585633519
26,66.31,1743.58,1,0,83.35,1,1,2,32,1,bianual,efectivo,ninguno,norte,0,0.19527765098122107
25,79.13,2066.89,0,2,125.62,0,1,1,51,0,mensual,credito,fibra,centro,1,0.5909322361314432
8,61.74,381.8,1,1,114.77,0,1,4,31,0,mensual,debito,fibra,norte,1,0.6200662294719432
12,50.16,607.73,1,1,213.0,1,1,2,29,0,mensual,debito,movil,norte,1,0.7986817557522442
72,90.74,6344.12,1,1,185.59,1,0,4,30,1,anual,transferencia,fibra,sur,0,0.14180274188713626
11,65.36,419.1,1,2,74.03,1,0,4,77,1,mensual,credito,fibra,centro,1,0.7129209290235798
45,98.06,4546.35,2,1,131.89,1,0,3,60,0,mensual,credito,fibra,oeste,1,0.5746009185678878
41,41.44,1666.16,1,1,176.87,1,0,3,60,0,mensual,credito,fibra,centro,0,0.3926847972340435
60,50.63,3012.79,4,0,117.35,1,1,4,46,0,mensual,debito,fibra,sur,0,0.4190310518278225
55,81.21,4582.33,2,0,128.11,0,0,2,45,1,mensual,efectivo,fibra,norte,1,0.5785344211877189
37,47.23,1866.45,2,1,180.8,1,0,4,67,0,anual,credito,movil,centro,0,0.41845073397993054
54,55.33,2998.41,2,1,19.64,0,1,3,59,1,anual,credito,fibra,sur,0,0.1875300791261276
35,63.54,2442.55,1,1,33.58,0,0,2,74,1,mensual,efectivo,ninguno,norte,1,0.7179815016840898
35,42.86,1669.37,1,0,126.25,1,0,3,29,0,anual,transferencia,cable,sur,0,0.20954834410762982
41,46.26,2012.16,2,1,76.03,1,0,1,29,1,anual,debito,cable,oeste,0,0.37216033058519854
45,75.3,3333.4,2,2,178.62,1,1,1,69,0,mensual,transferencia,movil,sur,1,0.8028792530075901
72,50.86,3648.04,3,0,124.68,1,1,2,37,0,anual,credito,ninguno,sur,0,0.12311669746931488
27,15.0,444.76,2,0,182.78,0,1,2,30,1,anual,credito,movil,norte,0,0.3642376252913676
59,65.34,4215.23,0,1,108.16,1,1,3,37,1,mensual,credito,cable,norte,0,0.45194680301938156
30,80.98,2522.24,3,1,81.81,1,0,3,41,1,mensual,transferencia,fibra,norte,1,0.6915656734892035
62,77.93,4685.9,2,0,48.73,1,1,2,59,1,mensual,credito,cable,centro,1,0.5464338509020674
54,81.01,4238.29,2,1,125.3,1,0,1,46,0,mensual,credito,fibra,sur,1,0.5000719361788069
36,77.18,2703.41,5,0,222.74,1,0,4,19,0,anual,debito,movil,centro,1,0.6190900104462499
33,52.87,1828.88,0,1,79.0,1,1,1,78,0,anual,credito,fibra,centro,0,0.14682579814240448
19,62.24,1173.72,0,1,139.45,1,0,1,68,1,mensual,credito,movil,centro,1,0.820627607205798
61,72.08,4315.15,3,2,33.17,0,1,2,55,0,mensual,debito,movil,sur,1,0.8258210549297961
14,55.56,892.96,2,2,100.29,1,1,4,64,0,mensual,debito,fibra,norte,1,0.6520560887917234
68,33.19,2270.25,0,0,114.67,0,1,4,34,0,mensual,transferencia,fibra,centro,0,0.19037417845034982
52,61.12,3238.23,0,0,117.58,0,1,1,23,1,bianual,debito,movil,oeste,0,0.21072796834205929
52,72.57,3883.87,1,0,110.18,0,1,4,40,0,anual,efectivo,fibra,centro,0,0.1705008867162128
27,74.77,1952.26,3,0,98.8,0,0,1,19,1,bianual,transferencia,fibra,sur,0,0.21493072474816116
66,56.03,3530.51,1,1,150.03,1,1,4,69,0,bianual,credito,cable,oeste,0,0.07811484909797192
45,74.58,3588.39,2,0,116.47,1,0,4,27,0,bianual,efectivo,movil,oeste,0,0.3489160150860872
6,65.3,153.1,0,2,137.74,1,1,1,78,1,mensual,debito,cable,sur,1,0.7986542944321735
46,73.05,3397.69,1,0,128.59,1,0,2,77,0,bianual,efectivo,fibra,centro,0,0.11052097280837289
4,57.84,295.54,1,0,68.71,1,1,2,72,0,anual,credito,fibra,centro,0,0.23447518903008607
13,92.47,1086.22,3,1,41.61,1,1,3,67,1,bianual,transferencia,cable,centro,0,0.42438775878449714
36,63.59,2219.93,1,1,103.6,0,1,3,47,1,anual,credito,cable,sur,0,0.31913237749645595
13,63.11,706.6,1,0,146.43,1,0,1,32,0,bianual,debito,fibra,centro,0,0.14934233963802365
25,60.95,1814.52,3,0,127.23,1,1,4,37,1,mensual,transferencia,fibra,sur,1,0.58376468877275
26,73.18,2017.25,0,1,151.6,0,0,2,78,0,anual,debito,ninguno,sur,0,0.2953460822179733
34,43.41,1602.11,0,1,154.28,1,1,1,42,0,bianual,efectivo,fibra,centro,0,0.09910543223151042
8,68.61,526.53,4,1,180.08,0,1,3,70,1,bianual,credito,cable,sur,0,0.41612207746083996
44,73.3,3239.71,2,1,93.55,1,0,1,48,1,bianual,transferencia,cable,centro,0,0.23115883850320962
43,49.23,2231.76,2,0,139.82,1,0,3,35,0,mensual,credito,cable,sur,1,0.5340494883011955
7,68.4,486.17,1,1,176.4,0,0,1,66,0,mensual,efectivo,cable,centro,1,0.8333865722727779
24,82.83,2049.61,1,1,171.04,1,1,3,29,0,mensual,credito,fibra,oeste,1,0.5634448114583259
67,78.68,5289.75,3,2,171.37,1,1,2,49,0,anual,debito,fibra,centro,0,0.207742626667193
52,102.27,5371.47,3,1,111.0,1,0,1,43,0,mensual,credito,fibra,sur,1,0.6092226133090786
5,73.2,472.74,1,1,69.83,1,1,4,53,0,bianual,debito,fibra,norte,0,0.18468251380673514
36,88.91,3034.63,1,0,152.58,1,0,2,30,0,mensual,debito,ninguno,sur,1,0.5983395935312745
57,69.9,3923.52,2,1,115.63,1,0,2,32,0,mensual,debito,fibra,norte,0,0.4690100552545428
31,82.18,2666.0,1,1,173.51,1,0,3,66,0,anual,transferencia,cable,centro,0,0.3364140536255064
1,52.8,304.77,0,1,98.63,1,0,1,50,0,mensual,debito,cable,sur,1,0.7446100700742995
46,62.87,2929.93,4,1,96.78,1,1,1,50,0,anual,debito,movil,sur,1,0.5562440985966086
63,84.73,5307.19,1,3,77.36,0,0,2,54,1,anual,transferencia,fibra,oeste,0,0.28124083563598606
58,72.21,4410.85,0,0,184.87,0,1,4,49,0,anual,credito,cable,centro,0,0.13284309779131107
62,79.16,5092.6,1,0,128.99,1,0,4,39,0,anual,transferencia,fibra,centro,0,0.1094468055723207
39,78.32,3170.33,3,0,174.31,1,0,3,50,1,mensual,debito,cable,sur,1,0.7301646118289012
48,55.45,2783.38,3,0,12.21,1,0,2,64,0,anual,transferencia,fibra,centro,0,0.18435747125164145
29,71.11,2153.11,1,0,122.63,1,0,1,49,0,anual,credito,ninguno,sur,0,0.24218791081015428
52,77.94,3971.46,3,1,119.03,1,0,1,25,0,anual,efectivo,cable,centro,0,0.4431740222716655
53,64.23,3394.47,2,1,33.64,1,1,4,56,1,mensual,credito,cable,centro,1,0.6066836309851732
23,65.1,1516.62,2,1,75.71,0,1,4,55,1,anual,transferencia,fibra,norte,0,0.29159550056407085
56,66.17,3705.91,0,1,41.88,1,1,1,46,0,mensual,credito,movil,norte,1,0.622127096474521
43,31.57,1164.04,2,0,157.71,1,1,4,22,1,bianual,debito,cable,sur,0,0.1237902129131036
25,75.38,1825.84,2,1,107.59,0,1,3,77,0,mensual,credito,movil,norte,1,0.8270127872978282
36,50.47,1875.76,5,0,124.53,0,0,4,77,1,mensual,credito,fibra,norte,1,0.6221952068647472
15,55.14,609.8,0,2,113.45,1,0,4,51,1,anual,credito,fibra,oeste,0,0.29685082357324605
17,76.0,1292.7,0,0,135.32,1,1,4,75,1,bianual,transferencia,movil,sur,0,0.30479346879708785
36,89.3,3338.87,1,0,106.06,0,1,3,40,1,mensual,credito,movil,sur,1,0.793581114879179
2,49.3,50.0,2,0,113.46,0,1,2,38,1,mensual,debito,cable,centro,1,0.7832425477458479
46,53.34,2353.78,1,0,64.74,1,0,4,61,0,bianual,efectivo,fibra,sur,0,0.09491748725408314
55,46.26,2717.63,2,0,109.85,1,1,3,69,1,mensual,debito,cable,oeste,1,0.5272297850461527
65,43.19,2947.49,1,0,50.3,1,0,4,50,1,anual,debito,cable,sur,0,0.17337784171127119
32,82.9,2828.09,3,1,128.19,1,1,1,65,1,mensual,debito,fibra,oeste,1,0.7074942016508456
18,85.4,1448.47,1,0,63.49,0,1,2,76,1,mensual,credito,cable,sur,1,0.741332578889623
23,69.93,1409.4,1,1,139.09,1,0,3,75,1,mensual,debito,cable,sur,1,0.7531765215488734
41,46.86,1896.51,1,3,115.51,1,1,1,71,1,mensual,credito,movil,sur,1,0.8145067795269729
44,56.64,2497.13,3,0,115.86,0,0,1,36,1,bianual,transferencia,movil,centro,0,0.34466561394759804
13,56.85,669.09,3,2,84.34,1,1,1,29,1,bianual,transferencia,fibra,norte,0,0.26318058272492206
56,75.72,4206.33,2,1,173.05,1,1,3,53,1,anual,debito,cable,norte,0,0.277853583053761
37,50.28,1655.6,3,1,138.36,1,0,2,37,0,bianual,efectivo,movil,norte,0,0.41652384677510074
30,42.33,1085.69,0,2,172.19,1,1,3,53,0,bianual,credito,fibra,oeste,0,0.08651242458950112
38,76.82,2718.0,1,1,183.36,1,1,2,48,1,bianual,debito,movil,centro,0,0.3396199218409861
71,84.29,6127.65,1,0,191.25,1,1,2,50,0,anual,credito,fibra,oeste,0,0.08585334297480635
1,74.0,50.0,4,2,150.63,0,0,4,24,1,mensual,credito,fibra,norte,1,0.8525981651537811
37,67.63,2571.06,2,0,136.06,1,0,1,69,1,mensual,credito,fibra,centro,1,0.5366609653567873
20,64.4,1245.07,4,0,150.86,1,1,4,50,0,mensual,credito,movil,norte,1,0.8277287009733405
3,73.84,93.15,0,0,265.18,0,1,1,43,1,bianual,credito,cable,norte,0,0.21861553815790977
36,64.8,2419.42,0,0,80.42,0,0,4,50,1,mensual,credito,cable,oeste,1,0.5914300397401074
29,70.9,1817.82,1,0,102.64,1,0,1,49,1,mensual,efectivo,fibra,centro,1,0.6515737522090811
24,50.08,1115.87,3,2,116.97,1,1,4,33,1,mensual,debito,fibra,centro,1,0.7025127437474186
20,76.44,1254.08,0,1,157.17,1,1,4,26,0,mensual,debito,cable,centro,1,0.669795395103855
35,57.66,1931.3,3,0,92.98,1,0,3,23,0,mensual,debito,fibra,sur,1,0.5616812423571628
3,75.09,240.02,2,0,117.09,1,1,1,40,0,anual,efectivo,movil,norte,1,0.688730732959194
58,34.78,1891.56,3,0,184.98,1,1,3,78,0,mensual,credito,fibra,centro,0,0.3054415400863995
38,56.95,2118.82,3,1,72.36,1,1,3,75,1,bianual,efectivo,fibra,centro,0,0.20338533934926428
53,57.0,3150.7,2,0,60.68,1,0,1,28,1,anual,debito,movil,centro,0,0.44423562115982684
54,81.0,4404.03,2,1,148.66,0,1,3,54,0,mensual,credito,cable,oeste,1,0.6021372587018844
20,61.31,1254.25,1,0,85.44,0,0,2,22,0,anual,debito,fibra,norte,0,0.2371303793741465
35,53.72,1846.41,1,0,118.49,1,0,2,57,0,anual,credito,fibra,sur,0,0.14948369755996696
54,59.09,3251.44,1,2,124.85,0,0,1,55,0,mensual,debito,movil,centro,1,0.7790203256189183
38,71.88,2828.33,0,1,116.37,0,1,1,78,0,mensual,debito,cable,oeste,1,0.6175941792962177
38,82.93,3257.01,2,0,134.43,0,1,3,34,0,bianual,efectivo,fibra,norte,0,0.14590403571698177
54,81.19,4374.96,2,1,90.51,1,0,3,78,0,anual,credito,cable,sur,0,0.2845621766518747
18,43.18,841.43,3,2,98.39,0,1,4,41,0,mensual,transferencia,ninguno,sur,1,0.7211133902630631
65,38.82,2533.69,1,0,71.93,0,1,4,77,0,anual,debito,cable,centro,0,0.13174774199249037
50,84.97,4189.22,1,1,133.32,0,1,4,50,0,anual,debito,movil,norte,0,0.41321999762004763
34,48.68,1844.76,3,0,109.98,0,0,3,64,0,bianual,debito,cable,centro,0,0.20225233555655128
38,72.16,2908.74,0,0,65.71,0,1,4,45,1,mensual,credito,cable,centro,1,0.5610580273970915
18,34.0,854.14,2,2,100.89,1,0,1,21,0,anual,credito,fibra,norte,0,0.2736479147982251
11,44.69,344.04,3,1,208.89,1,0,2,69,1,mensual,credito,movil,centro,1,0.8790630047433003
50,62.79,3387.38,2,3,126.4,1,1,4,56,1,mensual,transferencia,cable,norte,1,0.6887636218486469
28,101.32,2901.06,1,0,111.67,1,1,2,25,0,anual,credito,fibra,centro,0,0.22840154055971992
15,59.89,879.47,3,1,5.0,1,0,1,57,0,mensual,credito,fibra,centro,1,0.7065043615792258
72,88.8,6319.72,4,0,158.06,1,1,1,24,1,anual,efectivo,fibra,centro,0,0.25060933895425946
48,27.47,1414.89,3,2,137.78,1,0,2,64,1,anual,transferencia,ninguno,sur,0,0.2840561028058508
15,66.92,1115.4,3,0,119.14,1,1,1,28,0,bianual,debito,fibra,sur,0,0.18825506467610584
14,75.53,1203.88,0,0,105.32,0,0,4,47,0,mensual,debito,movil,oeste,1,0.824354687295056
34,51.91,1765.9,2,2,195.17,0,0,2,65,1,mensual,debito,movil,sur,1,0.8683659264598381
6,92.69,650.41,0,0,5.0,0,1,2,43,1,mensual,debito,cable,centro,1,0.8023454708064971
10,72.72,617.62,1,2,211.13,0,1,3,56,0,bianual,credito,fibra,norte,0,0.18123658940645457
2,73.31,106.24,3,0,129.71,0,1,3,54,0,anual,transferencia,cable,centro,0,0.49722810178384697
72,78.65,5671.77,2,0,119.89,1,1,2,43,1,bianual,credito,fibra,centro,0,0.06269107775659742
67,78.44,5255.13,1,0,232.64,1,0,1,21,1,mensual,debito,fibra,norte,0,0.36300628406050806
17,62.92,1052.96,0,1,75.02,1,0,4,51,1,anual,credito,movil,norte,1,0.5183606594918878
64,72.64,4733.33,0,1,139.94,1,1,3,47,0,anual,credito,ninguno,norte,0,0.10887967259629273
63,81.22,5112.22,1,0,58.2,1,1,4,27,1,anual,credito,fibra,centro,0,0.12178329269990495
4,49.51,50.0,0,0,115.59,0,0,2,28,0,mensual,debito,movil,norte,1,0.8042704548358707
13,56.39,786.66,1,2,57.16,0,1,1,73,0,mensual,credito,fibra,centro,1,0.6483194311117946
18,65.19,1260.78,1,0,10.66,0,1,3,35,0,mensual,transferencia,fibra,sur,1,0.5421092714626145
5,59.78,266.45,1,1,30.11,0,1,1,71,1,mensual,credito,fibra,sur,1,0.6911866908742222
42,51.57,2150.31,3,1,73.94,1,0,2,18,0,mensual,transferencia,fibra,norte,1,0.5313774086561502
29,60.18,1564.25,2,1,110.15,1,1,4,23,1,mensual,efectivo,cable,centro,1,0.7785499229340164
28,56.62,1575.1,2,1,123.52,1,1,1,76,1,bianual,credito,cable,oeste,0,0.22969903025940122
69,63.27,4315.44,2,1,91.92,1,0,1,25,0,mensual,debito,fibra,centro,0,0.4277511287916009
67,63.43,4443.11,2,0,210.32,0,1,3,77,1,mensual,debito,fibra,centro,0,0.365090270937011
40,79.77,3026.83,3,1,155.2,1,0,3,24,0,anual,transferencia,fibra,sur,0,0.27529491239145654
55,57.78,3323.82,6,0,171.04,0,1,1,63,1,anual,transferencia,ninguno,oeste,0,0.33560133069070675
43,57.19,2194.5,2,0,119.03,0,0,1,54,0,bianual,credito,fibra,sur,0,0.09561501296904808
17,85.38,1473.96,0,2,93.14,1,1,2,28,0,mensual,transferencia,cable,centro,1,0.747791573092448
66,72.06,5114.85,1,0,131.58,0,0,3,29,1,mensual,efectivo,fibra,norte,0,0.44452256987147015
43,78.58,3261.05,1,0,144.42,1,0,2,67,0,anual,credito,cable,oeste,0,0.24555005641871208
62,70.81,4524.95,0,0,216.75,0,1,2,36,0,anual,transferencia,movil,oeste,0,0.23461970413725186
39,87.09,3436.04,3,0,126.79,0,0,4,74,0,mensual,transferencia,fibra,sur,1,0.5802150150730913
70,47.09,3438.92,1,0,193.27,0,0,4,35,0,mensual,debito,cable,sur,0,0.386041424822961
23,84.42,2043.08,2,0,92.34,1,0,2,71,1,anual,credito,cable,norte,0,0.4181208433764388
5,56.27,184.59,1,1,119.28,0,1,3,22,1,mensual,debito,fibra,centro,1,0.6894375334366749
39,50.44,2144.53,2,1,132.61,1,1,3,39,0,anual,debito,fibra,centro,0,0.18880356913924723
23,71.51,1763.41,4,0,96.12,1,0,3,21,0,anual,transferencia,cable,oeste,0,0.46590248101001613
68,78.4,5326.49,3,0,177.14,1,1,3,71,1,mensual,credito,fibra,centro,0,0.39434989780783375
6,45.69,149.12,1,3,82.86,0,1,1,18,1,anual,credito,fibra,oeste,0,0.431367626682373
11,64.0,543.99,2,0,95.58,1,1,3,21,0,anual,debito,movil,sur,1,0.5726319206905149
65,68.63,4348.17,1,0,90.49,1,0,1,45,1,anual,transferencia,fibra,norte,0,0.11880567585809144
1,66.65,79.97,1,1,73.16,1,1,3,67,0,mensual,debito,cable,centro,1,0.7774476854737187
14,62.0,784.68,4,0,93.73,0,0,1,66,1,anual,debito,movil,centro,1,0.7385416433550055
16,83.06,1475.28,1,1,199.94,0,1,4,57,0,mensual,debito,fibra,centro,1,0.6308971732176487
47,47.68,2114.02,2,0,156.3,0,0,3,65,0,anual,credito,movil,oeste,0,0.36060638889951874
5,76.93,296.97,2,1,165.89,1,1,1,72,1,anual,efectivo,fibra,norte,0,0.48177699221072623
44,53.82,2406.57,2,1,122.29,1,0,1,72,0,mensual,debito,fibra,norte,0,0.49455081078265556
8,53.07,406.45,2,1,183.3,1,0,2,48,0,bianual,debito,cable,centro,0,0.2946539344637496
15,65.54,834.23,2,0,156.5,1,1,1,19,0,mensual,efectivo,fibra,sur,1,0.6658035039528687
14,57.85,603.57,4,1,44.6,0,1,2,65,0,mensual,debito,fibra,norte,1,0.7340559239145087
51,56.52,2995.96,2,0,92.67,0,1,3,37,0,bianual,debito,fibra,norte,0,0.07356545782916954
39,59.7,2280.25,0,0,149.12,0,0,2,60,1,mensual,credito,cable,oeste,1,0.5628588343470318
18,67.14,997.82,1,1,141.91,0,0,1,50,0,mensual,debito,fibra,oeste,1,0.6578188938826537
23,65.45,1507.57,2,0,93.07,0,1,3,46,0,mensual,credito,fibra,norte,1,0.5198311038901068
20,69.4,1554.91,0,1,211.3,0,0,3,23,0,mensual,efectivo,ninguno,centro,1,0.697548203467848
58,68.86,4108.71,1,0,39.43,1,1,3,45,0,anual,debito,ninguno,norte,0,0.13940161477752555
22,55.52,1243.36,3,1,90.05,0,1,2,24,0,bianual,credito,fibra,oeste,0,0.18071086992196658
25,31.58,876.92,1,1,96.0,1,1,3,54,0,mensual,debito,movil,sur,1,0.7442682508009625
58,47.41,2782.92,1,2,123.63,1,1,3,21,0,anual,credito,cable,oeste,0,0.20258508041171197
12,45.64,520.85,0,0,96.79,1,0,4,35,0,mensual,debito,ninguno,norte,1,0.5330206669156937
65,61.93,4160.12,5,3,140.93,1,0,1,35,1,mensual,transferencia,movil,centro,1,0.8879282011568858
57,66.03,3767.18,1,1,117.51,1,1,4,71,0,bianual,debito,fibra,centro,0,0.06925706198137974
44,96.01,4243.83,1,0,53.35,1,0,2,25,0,anual,efectivo,cable,norte,0,0.3621610122192555
39,41.79,1783.27,0,2,91.8,1,0,1,23,0,anual,debito,ninguno,norte,0,0.22022913922659618
68,79.36,5501.99,1,1,230.13,1,0,1,41,1,bianual,debito,movil,centro,0,0.23930448290207515
18,49.92,792.85,0,0,119.08,0,0,4,35,1,bianual,credito,cable,sur,0,0.17161267336097516
64,59.71,3831.6,0,2,7.28,0,1,3,19,1,mensual,debito,cable,oeste,1,0.5873810367793023
61,45.42,2713.06,3,1,197.26,1,1,4,43,1,anual,credito,fibra,sur,0,0.1465104977819592
36,54.84,2190.55,3,4,169.09,1,1,4,31,1,mensual,debito,cable,norte,1,0.8216783059478359
12,68.81,1044.19,2,2,113.88,1,1,1,62,1,anual,credito,cable,centro,1,0.5392955711728158
55,81.53,4578.14,1,0,203.07,1,1,2,24,0,anual,transferencia,cable,oeste,0,0.18316758438291214
49,50.85,2547.91,0,0,101.3,0,1,4,25,0,anual,credito,cable,centro,0,0.14275522637538718
13,71.58,750.62,2,0,29.15,1,0,3,56,0,mensual,debito,movil,oeste,1,0.8740790784403579
3,77.03,207.78,4,0,97.22,1,1,3,19,1,bianual,transferencia,movil,sur,1,0.5899627270495135
18,67.73,1264.64,0,0,81.01,0,0,2,42,0,anual,debito,fibra,norte,0,0.2203221739072763
8,64.08,433.28,0,1,5.0,1,1,3,45,0,mensual,debito,fibra,oeste,1,0.6164032322235151
31,68.19,2007.57,5,2,34.84,1,1,4,58,0,anual,credito,fibra,centro,0,0.40706277556719955
3,48.53,122.99,1,2,119.43,0,1,4,74,0,mensual,debito,fibra,norte,1,0.6539314736597636
12,36.46,421.66,3,0,119.66,0,0,4,57,0,bianual,transferencia,fibra,norte,0,0.1383188311193732
12,102.38,1151.44,2,1,123.76,1,1,4,18,1,bianual,credito,fibra,sur,0,0.27197130413194914
61,57.05,3664.29,2,0,128.41,1,1,2,48,0,anual,debito,fibra,oeste,0,0.11864417951921004
21,72.9,1578.82,2,0,160.73,1,0,1,30,0,mensual,debito,cable,centro,1,0.7322650543291833
26,71.98,1984.34,1,0,149.76,1,1,3,78,0,mensual,credito,fibra,centro,0,0.4528407660431978
25,64.29,1537.75,2,0,101.41,0,0,1,41,1,mensual,credito,fibra,sur,1,0.6229093872601251
13,61.35,748.39,0,0,94.07,1,0,4,42,0,mensual,transferencia,movil,centro,1,0.7672204508396647
8,60.56,564.29,1,1,124.77,1,0,4,60,0,anual,credito,fibra,sur,0,0.27669140274677184
22,71.42,1734.95,1,0,137.01,1,0,1,50,1,anual,credito,cable,centro,0,0.3630839760519551
32,33.91,1279.39,2,0,114.67,1,1,2,47,1,anual,efectivo,cable,oeste,0,0.34353230984906497
68,47.77,3315.11,1,1,113.56,0,1,4,77,0,mensual,transferencia,ninguno,centro,0,0.3432856461850042
21,52.33,1144.78,1,1,116.17,1,0,4,41,0,anual,efectivo,cable,centro,0,0.41397316437619225
17,80.65,1391.11,0,1,108.63,1,1,3,73,0,mensual,efectivo,movil,norte,1,0.849599730717909
59,46.52,2827.93,2,1,184.12,1,1,1,28,1,bianual,transferencia,movil,norte,0,0.20507024259634715
2,72.6,50.0,1,0,82.35,1,1,2,34,1,mensual,transferencia,fibra,oeste,1,0.6678132555786265
50,100.81,5010.3,5,0,123.16,1,1,2,25,1,mensual,debito,cable,sur,1,0.7914296090801634
66,90.13,5881.95,0,0,194.45,0,1,4,19,0,mensual,credito,cable,oeste,0,0.3946829007448088
32,83.03,2630.62,0,0,43.52,1,1,4,36,1,bianual,credito,fibra,oeste,0,0.10355826688419213
12,79.31,1110.38,2,1,204.0,1,1,2,64,0,anual,debito,fibra,oeste,0,0.34968467674129694
71,88.94,6270.51,0,2,80.72,1,0,1,27,1,mensual,debito,fibra,centro,0,0.48482069259523686
48,59.68,2831.66,2,0,57.27,1,0,1,34,1,anual,credito,fibra,norte,0,0.17780425571750036
33,78.59,2525.33,0,0,208.47,0,0,4,65,0,mensual,transferencia,fibra,centro,0,0.4282988842010841
31,70.41,2180.03,3,2,111.75,1,0,3,25,1,mensual,credito,fibra,centro,1,0.7235016758133145
22,40.37,714.77,2,0,125.28,1,0,3,31,0,mensual,credito,fibra,centro,0,0.488154898287415
19,87.31,1489.52,2,2,177.73,0,0,4,54,1,mensual,debito,fibra,sur,1,0.7895308818418472
58,51.16,2920.49,6,1,171.91,1,0,4,45,0,bianual,transferencia,movil,centro,0,0.3598596727566123
20,76.71,1545.23,0,1,99.92,0,1,3,75,0,bianual,credito,fibra,centro,0,0.1259602949131593
53,59.22,3389.62,2,0,29.44,1,1,1,41,1,mensual,debito,movil,centro,1,0.7450732112621176
18,103.4,1812.46,1,0,145.82,1,1,4,23,0,bianual,credito,fibra,centro,0,0.1464798510408551
34,61.6,2120.43,2,4,161.39,1,1,1,25,0,anual,debito,cable,centro,1,0.5093101385122623
7,70.42,621.43,2,2,111.97,1,0,2,40,1,mensual,credito,fibra,sur,1,0.7821305204744896
44,65.62,2758.12,2,0,96.17,1,0,3,29,1,mensual,debito,fibra,oeste,1,0.5433996873768319
25,48.13,1135.99,2,0,204.49,0,1,3,51,0,anual,debito,fibra,sur,0,0.19495382095276942
57,51.34,2819.04,3,1,118.38,1,0,4,28,0,anual,transferencia,fibra,norte,0,0.15816503911608532
36,53.81,2090.07,2,0,74.42,1,1,4,22,0,mensual,credito,fibra,norte,0,0.40392642132132506
51,89.8,4660.98,5,1,148.96,1,1,4,63,1,anual,credito,fibra,oeste,0,0.331417799943156
27,88.81,2288.53,1,0,125.43,1,0,3,23,0,anual,credito,fibra,centro,0,0.2271200599506719
1,101.33,50.0,0,1,172.25,1,0,3,27,0,anual,efectivo,fibra,norte,0,0.4517834830964782
9,17.08,181.46,3,0,106.82,0,1,1,26,0,mensual,transferencia,cable,centro,1,0.6686411582151676
22,86.3,1755.5,1,0,94.15,1,1,1,20,0,anual,credito,fibra,norte,0,0.21926386109054205
25,75.99,1822.98,4,1,27.17,0,0,1,45,0,mensual,debito,movil,sur,1,0.9225791232186675
9,81.01,691.17,1,3,126.97,0,1,3,42,1,anual,debito,cable,centro,1,0.639994285500654
29,74.14,2094.34,1,2,160.47,1,0,4,25,0,mensual,debito,fibra,centro,1,0.6277726885251884
39,61.78,2415.47,2,2,187.01,0,1,2,64,0,bianual,credito,cable,centro,0,0.20222649347328966
54,68.76,3544.82,3,1,116.5,0,1,4,45,1,anual,transferencia,fibra,sur,0,0.22675892524235963
64,85.12,5550.31,2,0,180.5,1,0,4,48,0,bianual,transferencia,cable,centro,0,0.10747400127223002
40,81.66,3277.46,2,1,8.17,0,1,2,68,1,bianual,credito,fibra,centro,0,0.1680838488440748
6,98.24,501.08,1,0,44.14,1,1,1,41,1,mensual,debito,movil,sur,1,0.9065974632636139
66,57.22,3920.41,2,1,176.63,1,0,4,24,1,mensual,credito,movil,norte,1,0.6759054546100737
56,105.3,5836.54,0,0,29.75,1,0,3,73,1,mensual,debito,fibra,centro,0,0.4742204249706996
61,89.32,5346.06,2,1,141.92,0,0,2,27,0,mensual,debito,movil,norte,1,0.7773224954438439
39,84.11,3267.78,3,1,91.15,1,0,3,77,0,anual,efectivo,cable,norte,0,0.48790171486083145
44,55.39,2247.36,1,1,163.16,1,1,3,75,0,mensual,transferencia,fibra,oeste,0,0.39465944636477857
8,36.23,329.56,1,0,64.42,1,1,2,18,1,mensual,credito,fibra,centro,1,0.5318505925845955
62,84.73,5463.06,1,2,82.2,1,0,4,73,0,anual,transferencia,fibra,centro,0,0.1741546709375432
51,51.22,2803.95,0,0,112.76,1,1,3,36,1,mensual,debito,fibra,norte,0,0.3140038524496988
7,65.71,515.44,4,0,117.45,1,1,2,41,0,mensual,transferencia,fibra,sur,1,0.6961562486489901
41,80.96,3256.02,1,1,123.6,1,0,4,76,0,mensual,transferencia,ninguno,centro,1,0.5638473709304266
5,60.61,287.43,2,1,116.59,1,0,1,64,1,anual,efectivo,fibra,norte,0,0.48072835909180384
17,57.61,930.26,6,1,24.99,1,0,2,58,0,mensual,credito,cable,sur,1,0.867867892458734
65,49.7,3281.9,1,0,93.03,1,1,2,78,1,bianual,transferencia,fibra,centro,0,0.04791850187200172
43,92.18,3787.49,2,2,90.8,1,1,4,41,1,bianual,transferencia,cable,sur,0,0.2759730642578841
46,67.61,3065.44,3,0,54.39,0,0,2,41,0,mensual,transferencia,cable,centro,1,0.6595665128788022
34,62.94,2210.48,1,1,137.58,1,1,2,35,1,mensual,debito,fibra,sur,1,0.5504747240479785
23,62.92,1399.2,2,0,167.82,1,0,2,41,1,mensual,transferencia,fibra,norte,1,0.5714701332258397
3,58.35,384.28,1,2,54.25,1,1,3,61,0,mensual,debito,fibra,oeste,1,0.7050828513526435
29,58.04,1665.07,1,1,84.22,0,0,1,56,0,mensual,efectivo,movil,centro,1,0.8622387840163246
7,72.0,528.72,0,3,145.04,1,0,1,67,1,mensual,credito,fibra,centro,1,0.7545031700810094
51,45.99,2688.15,3,1,68.81,0,1,4,29,0,mensual,credito,fibra,oeste,0,0.4658135576514992
13,51.62,571.98,3,2,143.52,1,1,2,54,0,mensual,credito,cable,centro,1,0.7863535440028327
14,67.42,892.81,3,0,132.87,1,0,1,32,0,anual,transferencia,fibra,oeste,0,0.3333441838010618
30,53.74,1922.65,0,0,84.23,1,0,4,42,1,mensual,efectivo,fibra,sur,1,0.5362995730761035
40,82.51,3256.11,4,3,115.41,0,1,3,74,1,mensual,debito,cable,sur,1,0.8712221906475298
1,57.14,59.13,1,2,115.94,1,0,1,36,1,mensual,credito,fibra,centro,1,0.7469464253608997
65,69.92,4528.54,2,0,140.87,1,1,1,40,0,anual,transferencia,cable,centro,0,0.17246873398190274
40,59.96,2440.0,0,1,73.16,1,1,3,44,0,bianual,credito,movil,norte,0,0.19399333386249193
11,52.73,507.69,1,0,73.89,1,0,2,33,0,mensual,credito,fibra,sur,1,0.5455065754972638
15,53.09,687.13,3,1,144.46,1,1,4,73,0,anual,debito,fibra,sur,0,0.3084134067728253
34,74.69,2485.48,0,1,184.18,1,0,2,55,0,anual,credito,cable,centro,0,0.26898220118302146
61,80.54,4872.83,4,0,83.11,0,0,4,25,0,mensual,efectivo,movil,centro,1,0.8428142329080676
71,37.6,2993.36,1,1,146.85,0,0,1,77,1,mensual,transferencia,cable,oeste,0,0.4687101835470241
1,87.52,248.8,2,0,71.19,1,0,3,38,0,anual,credito,fibra,norte,0,0.3677595353117875
23,58.55,1317.38,1,0,154.09,1,1,1,73,0,anual,credito,fibra,oeste,0,0.17272378997452503
9,82.84,895.59,0,1,175.96,1,0,4,22,0,anual,debito,ninguno,oeste,0,0.37648050053011867
52,59.96,2874.32,0,1,117.98,1,1,4,58,1,mensual,credito,cable,oeste,0,0.49757918291913067
28,51.12,1157.49,1,0,103.05,1,1,2,20,0,mensual,debito,cable,norte,1,0.5662310373598188
7,48.95,245.27,1,0,96.48,1,1,2,42,1,mensual,debito,movil,oeste,1,0.8381553305879093
5,71.1,359.74,4,1,166.82,1,0,1,75,0,mensual,debito,fibra,centro,1,0.7992151267461634
55,89.98,4848.22,0,0,142.51,0,1,2,31,0,mensual,efectivo,cable,centro,1,0.5719264982398263
6,80.19,542.64,4,0,138.5,0,1,4,71,0,anual,transferencia,fibra,norte,0,0.38165023572575785
43,43.14,1870.84,2,0,111.23,0,1,2,68,1,bianual,debito,fibra,centro,0,0.09709348733681729
34,74.01,2642.19,2,0,104.29,0,0,2,47,0,mensual,transferencia,movil,centro,1,0.8037294632436384
4,98.86,489.93,4,0,118.98,1,1,4,35,0,bianual,debito,cable,oeste,0,0.4483304846735392
2,81.97,156.41,2,2,13.45,0,1,2,59,0,bianual,debito,fibra,centro,0,0.3513255577345059
35,33.67,1007.51,3,1,186.18,1,1,3,75,1,mensual,debito,cable,norte,1,0.6516726422609874
37,58.24,2153.72,1,0,75.41,0,0,3,26,0,mensual,debito,fibra,sur,0,0.4793664045747968
24,55.1,1495.09,1,1,183.56,0,1,1,39,1,mensual,credito,cable,norte,1,0.6652356825022452
67,83.14,5560.5,5,0,112.76,0,0,1,51,0,mensual,credito,cable,oeste,1,0.6769625400573216
46,56.69,2689.28,1,1,5.0,1,0,1,51,0,anual,debito,ninguno,centro,0,0.24031058066614747
70,88.49,6367.52,2,1,88.07,1,0,1,33,1,anual,debito,fibra,oeste,0,0.2193082007638609
15,76.2,1243.71,0,0,161.96,1,1,1,68,0,mensual,credito,fibra,sur,0,0.4870833901934769
60,18.33,1263.65,0,0,5.0,1,0,2,73,1,mensual,credito,ninguno,centro,0,0.30931450692573464
58,83.47,4988.18,0,0,227.41,1,1,3,54,1,anual,efectivo,cable,centro,0,0.22250527670549428
20,29.22,491.07,1,0,126.79,1,1,3,26,0,mensual,credito,fibra,norte,0,0.3675833828316201
31,71.42,2353.23,0,0,122.8,0,0,4,19,0,anual,credito,ninguno,norte,0,0.1906562063364613
17,69.13,1092.77,3,0,145.47,1,1,3,57,0,mensual,credito,movil,sur,1,0.8325640731869469
8,60.35,619.34,2,1,135.89,1,1,3,68,1,mensual,debito,cable,norte,1,0.7830280625530894
48,68.07,3313.55,2,3,144.42,1,1,1,19,1,anual,efectivo,fibra,sur,0,0.38971812026201386
19,35.87,602.1,1,2,202.13,0,1,4,43,0,bianual,credito,cable,centro,0,0.182603115575743
67,48.33,3457.23,1,1,169.9,0,0,3,73,0,anual,transferencia,fibra,centro,0,0.10119082823145123
60,75.57,4545.19,2,0,146.31,0,1,3,63,1,anual,transferencia,fibra,centro,0,0.1491569685584651
58,48.19,2814.81,0,0,73.35,1,1,4,54,0,bianual,debito,movil,centro,0,0.12526974039226424
27,67.99,1676.28,0,0,68.48,1,1,4,44,1,anual,debito,cable,centro,0,0.28944876827152594
23,71.86,1763.08,1,0,106.09,0,0,2,41,0,mensual,efectivo,fibra,sur,1,0.6473968241504686
18,74.4,1485.65,3,0,112.82,0,0,1,21,0,anual,efectivo,movil,norte,1,0.7108936090231239
53,76.91,4124.73,4,1,126.14,1,1,1,55,0,mensual,transferencia,movil,oeste,1,0.8165011413098446
7,81.36,405.06,1,1,146.78,1,0,2,66,0,mensual,credito,ninguno,norte,1,0.7158942484170667
10,81.58,776.48,1,2,66.16,1,0,1,43,0,anual,debito,fibra,norte,0,0.42185790194081035
30,69.08,1984.13,2,1,221.82,0,1,2,27,0,anual,credito,fibra,centro,0,0.23565039493977427
44,77.09,3372.32,2,1,190.76,1,0,3,51,0,anual,credito,cable,norte,0,0.2870289827655249
9,43.61,327.66,1,1,155.28,1,1,2,25,1,mensual,debito,fibra,norte,1,0.5992478748853223
20,62.56,1365.34,1,1,74.03,1,0,3,57,0,mensual,credito,cable,centro,1,0.6931521658484511
56,100.18,5638.71,4,1,138.4,1,0,1,46,0,bianual,debito,fibra,sur,0,0.18944893723752618
47,30.62,1386.3,1,0,60.78,1,0,2,46,0,anual,credito,movil,sur,0,0.2849072133423566
20,52.8,1111.1,6,0,215.33,1,0,2,27,1,mensual,credito,cable,norte,1,0.8157462269133078
61,33.12,2034.86,1,0,116.1,1,1,3,73,1,mensual,transferencia,fibra,oeste,0,0.27493393638671987
29,56.66,1912.02,2,1,202.38,1,1,2,44,1,anual,credito,cable,oeste,0,0.350097276848669
25,58.87,1528.66,0,0,193.2,1,0,4,44,1,anual,credito,fibra,centro,0,0.1665870867647606
30,45.99,1436.45,3,1,87.05,1,0,4,24,1,mensual,credito,fibra,sur,1,0.6198608121374951
47,53.18,2450.53,2,0,99.27,0,1,1,46,0,mensual,debito,fibra,oeste,0,0.4465867237526923
35,68.2,2267.79,2,0,147.51,1,0,1,71,0,anual,debito,cable,oeste,0,0.3316682039416874
39,76.2,3056.24,2,0,195.54,1,0,1,31,0,mensual,debito,cable,norte,1,0.6342119999856607
4,68.95,381.85,1,0,89.89,1,1,2,63,1,mensual,efectivo,movil,oeste,1,0.8997382476247224
68,41.57,2775.5,0,0,124.03,1,1,4,56,0,mensual,credito,cable,norte,0,0.25834789912230466
24,63.77,1457.27,2,0,76.57,1,0,3,38,1,mensual,credito,fibra,centro,1,0.5975961265104506
25,47.62,950.33,4,1,187.6,1,0,3,57,0,anual,credito,movil,centro,1,0.5856725519335483
7,87.79,735.2,6,0,97.64,0,0,3,21,0,mensual,debito,cable,sur,1,0.9117783151438608
56,52.61,3012.24,1,2,131.76,0,1,1,30,1,mensual,debito,fibra,sur,1,0.504844618477019
19,47.56,961.43,4,2,71.32,0,0,1,58,1,anual,transferencia,ninguno,sur,1,0.5525841851128587
19,63.85,1411.01,3,1,127.02,0,1,3,50,0,mensual,debito,fibra,centro,1,0.6800031398576859
41,83.35,3347.06,5,0,151.97,0,1,2,30,0,mensual,credito,fibra,centro,1,0.6331663718691584
11,52.96,624.17,2,0,157.21,1,0,4,28,0,mensual,credito,movil,sur,1,0.8115738932452687
19,77.68,1333.26,2,0,52.23,1,0,1,78,1,anual,debito,fibra,centro,0,0.36555326530550397
2,67.91,50.0,2,0,159.51,0,1,3,46,1,mensual,debito,movil,oeste,1,0.8957300011397724
1,81.24,336.26,2,0,101.72,0,0,3,55,1,bianual,credito,fibra,sur,0,0.26976305060156075
16,51.66,617.89,1,1,63.35,1,0,3,47,0,mensual,transferencia,movil,sur,1,0.8207980396719282
53,41.73,2211.09,2,0,38.43,1,0,3,55,1,anual,efectivo,fibra,norte,0,0.19175090473560147
70,85.65,5762.68,3,0,99.76,1,1,4,64,1,anual,credito,movil,oeste,0,0.3786080940459253
24,84.02,1926.03,2,0,86.58,1,0,3,75,1,mensual,transferencia,cable,sur,1,0.7554422606005213
40,88.06,3445.3,1,0,56.46,1,0,1,70,0,bianual,transferencia,fibra,oeste,0,0.11216807357360406
38,60.26,2314.59,4,2,93.53,0,0,2,74,0,anual,efectivo,fibra,norte,0,0.43770730403078284
39,38.61,1515.51,2,2,114.46,0,1,3,59,0,mensual,credito,cable,norte,1,0.6119256590792066
66,79.25,5185.43,2,1,119.79,1,1,4,63,0,bianual,debito,movil,centro,0,0.22305721013237265
50,56.28,2844.33,0,0,73.97,0,1,1,56,0,mensual,transferencia,cable,sur,0,0.4385955674135771
57,51.24,2862.06,1,1,187.62,1,1,2,37,0,anual,debito,ninguno,oeste,0,0.1542043717119864
12,96.09,1037.06,0,0,158.35,1,0,3,24,1,mensual,transferencia,movil,centro,1,0.8560734556374404
72,84.57,6130.85,3,1,120.89,1,1,4,31,1,anual,debito,movil,oeste,0,0.45512214079491425
72,58.62,4139.96,1,1,125.65,1,1,1,29,0,mensual,debito,ninguno,centro,0,0.38180235660107625
32,47.66,1593.55,3,1,162.94,0,1,2,35,1,anual,credito,ninguno,centro,0,0.32491694044284475
47,69.83,3263.67,1,2,85.82,1,1,2,18,0,bianual,transferencia,fibra,centro,0,0.10752823300216764
29,52.54,1184.4,1,0,126.7,1,0,1,69,0,mensual,debito,movil,centro,1,0.7586768717538293
14,80.94,990.58,2,0,108.58,1,1,3,76,1,anual,transferencia,movil,centro,1,0.6087758168768856
23,91.61,2120.64,4,1,127.91,1,1,4,71,0,mensual,credito,fibra,sur,1,0.712384958054713
60,56.54,3536.93,2,1,99.2,1,1,3,33,0,mensual,debito,ninguno,sur,0,0.47301070489425034
6,63.87,160.78,1,0,120.23,1,1,4,71,1,mensual,credito,movil,oeste,1,0.8318787922147123
15,47.23,787.66,2,0,86.86,1,1,3,27,0,mensual,debito,cable,oeste,1,0.6809103600894887
47,49.01,2274.65,3,2,190.48,1,1,3,47,1,bianual,efectivo,cable,sur,0,0.279813064280196
35,75.37,2780.07,1,0,60.64,1,1,1,36,1,mensual,credito,cable,norte,1,0.6154286909059088
63,48.44,3190.48,2,0,103.49,1,0,4,77,1,mensual,credito,fibra,centro,0,0.34903937015922365
9,53.58,343.91,2,1,180.5,1,0,3,63,0,anual,credito,movil,norte,1,0.5628665457880159
57,47.77,2650.93,3,0,120.81,1,0,4,45,1,mensual,transferencia,movil,centro,1,0.7183990546838912
72,66.06,4693.54,1,0,85.87,1,0,4,19,0,mensual,debito,cable,oeste,0,0.43178989083418623
58,63.14,3603.31,0,0,134.05,1,1,1,48,0,anual,transferencia,fibra,sur,0,0.08341208046471948
44,96.64,4266.0,2,0,76.01,1,1,4,29,1,bianual,credito,cable,norte,0,0.18145067801173745
27,36.27,1136.15,4,0,93.45,1,1,1,32,1,mensual,debito,movil,oeste,1,0.8496598802713585
44,47.63,2100.64,5,1,65.21,0,1,4,67,0,mensual,efectivo,ninguno,sur,1,0.7420725962725747
11,65.14,708.51,3,2,186.09,1,1,3,56,1,mensual,debito,cable,centro,1,0.8528960663985776
71,64.19,4616.02,6,0,114.83,1,0,4,41,0,anual,efectivo,fibra,sur,0,0.26530809699203617
46,61.15,2744.31,2,2,5.0,0,1,1,21,0,mensual,credito,ninguno,centro,1,0.6352463759657828
41,90.83,3752.81,0,0,78.02,0,0,3,22,1,anual,credito,cable,centro,0,0.29869712068104864
45,39.97,1860.48,1,0,142.75,1,0,4,66,1,anual,transferencia,fibra,norte,0,0.11609770137264043
52,53.38,2832.51,0,1,84.61,0,0,4,25,1,mensual,debito,movil,sur,1,0.7283182178187144
23,94.19,2323.15,0,0,66.4,0,0,4,34,1,mensual,transferencia,movil,centro,1,0.838043806985422
7,16.33,99.21,1,1,138.65,1,1,1,50,1,mensual,credito,cable,norte,1,0.6325084405103627
56,60.16,3577.04,4,1,185.94,0,1,1,57,1,mensual,transferencia,movil,norte,1,0.798342055905297
27,54.91,1354.41,2,0,104.37,1,0,3,55,1,mensual,credito,fibra,sur,1,0.5524425494727251
37,83.06,3161.97,2,0,163.26,1,0,1,77,1,anual,debito,cable,sur,0,0.38822062337987023
56,42.25,2252.4,1,1,90.73,0,0,2,39,0,mensual,transferencia,cable,centro,1,0.5098452462888047
71,94.3,6851.7,1,1,168.84,0,0,4,65,0,anual,efectivo,ninguno,centro,0,0.22802104629780326
15,55.24,1084.15,2,0,140.12,1,1,1,60,0,anual,debito,fibra,oeste,0,0.2501924627560151
55,38.11,1865.78,1,3,161.01,1,1,3,43,0,mensual,efectivo,movil,norte,1,0.7663755564111518
36,51.79,1994.88,3,1,134.58,0,1,3,73,0,anual,debito,cable,sur,0,0.3546591140849631
13,60.44,821.71,2,1,91.16,1,1,4,28,1,mensual,credito,cable,centro,1,0.7628845986148837
68,49.11,3418.82,1,1,61.5,1,1,1,41,0,mensual,credito,ninguno,sur,0,0.35963193780209746
50,50.33,2558.94,1,0,73.1,1,0,2,68,1,mensual,transferencia,cable,norte,1,0.5044357925918052
50,33.7,1769.7,3,0,87.45,1,0,3,24,0,anual,debito,ninguno,sur,0,0.1967301554322146
10,77.68,692.51,2,1,41.21,0,0,4,55,0,mensual,debito,fibra,sur,1,0.7491702181229241
31,63.63,2006.78,2,0,138.37,1,0,3,51,0,mensual,debito,fibra,sur,1,0.5320051505662268
70,29.9,2193.21,0,1,106.61,1,1,1,27,1,anual,credito,cable,sur,0,0.1241356812904258
61,84.95,5214.52,2,0,5.0,1,0,4,24,0,anual,debito,cable,centro,0,0.2591603087468252
32,39.91,1173.07,2,1,67.4,1,0,2,75,1,mensual,transferencia,fibra,centro,1,0.5641674442857687
19,51.85,1073.44,2,0,120.32,0,1,2,78,0,mensual,credito,cable,centro,1,0.6457910021684351
62,76.04,4651.19,2,0,116.32,1,0,2,57,1,anual,debito,cable,sur,0,0.26653463255794346
33,68.98,2177.87,3,1,118.42,0,0,3,63,0,mensual,debito,movil,sur,1,0.868758219429702
27,37.02,953.32,2,1,184.02,1,1,3,53,0,mensual,transferencia,cable,centro,1,0.5973378097055512
35,65.56,2212.35,2,3,106.52,0,0,3,48,1,mensual,debito,fibra,sur,1,0.7486084288445308
48,106.9,4959.78,2,1,114.43,0,0,1,53,0,mensual,transferencia,fibra,centro,1,0.6180819591295841
43,63.99,2921.24,0,0,135.53,1,1,1,21,1,mensual,debito,cable,centro,1,0.5397336677967938
16,56.27,804.88,4,0,134.51,1,1,1,65,0,anual,transferencia,movil,oeste,1,0.5983668220932815
14,43.68,516.98,0,3,143.45,1,1,1,19,0,mensual,credito,fibra,centro,1,0.5919898467328546
12,92.81,1237.79,3,1,177.0,0,0,1,66,0,mensual,debito,cable,oeste,1,0.8723298712995505
7,57.88,474.85,2,0,71.67,1,1,1,52,0,mensual,efectivo,fibra,norte,1,0.6738422066677068
67,49.23,3147.56,3,1,132.91,0,1,1,66,1,mensual,transferencia,cable,sur,1,0.5786823432731977
53,66.41,3595.37,2,1,161.18,1,0,2,32,1,bianual,credito,fibra,centro,0,0.11071165494757718
55,84.67,4549.7,1,0,125.09,1,0,4,77,0,mensual,transferencia,fibra,sur,0,0.37564853491328487
68,58.01,3948.69,2,0,116.28,1,1,3,24,0,bianual,transferencia,movil,centro,0,0.14521776532086153
6,60.29,313.7,1,2,211.92,1,1,4,59,0,mensual,debito,fibra,centro,1,0.6538394672698717
57,46.96,2788.55,1,1,167.77,1,1,4,67,0,mensual,transferencia,fibra,centro,0,0.3012350379157687
17,68.81,1138.13,3,0,159.66,0,1,4,68,0,bianual,debito,cable,centro,0,0.26470247668595914
59,96.5,5730.29,0,0,223.12,0,0,1,58,0,mensual,debito,fibra,sur,0,0.3840557483577177
12,73.12,989.14,1,0,40.58,1,1,2,35,0,anual,credito,fibra,sur,0,0.24597335120922162
19,64.42,1146.8,0,1,75.88,1,1,3,70,0,anual,credito,cable,norte,0,0.2778536621996505
54,77.13,4371.4,2,1,155.05,1,0,4,23,1,bianual,debito,cable,norte,0,0.18671915076612847
28,105.17,2953.15,1,1,188.82,1,1,4,76,1,bianual,credito,fibra,norte,0,0.15556153318779745
49,70.97,3473.72,2,0,114.34,0,1,2,73,1,mensual,debito,fibra,norte,0,0.4828188081400821
22,70.44,1578.32,3,0,122.99,1,1,1,25,0,bianual,credito,movil,oeste,0,0.38798064416329026
48,90.94,4079.26,3,0,165.05,0,1,3,64,1,anual,debito,fibra,oeste,0,0.2692373099128587
53,64.38,3534.93,4,2,108.45,0,0,1,50,1,mensual,efectivo,cable,centro,1,0.8475878412105088
6,73.98,547.79,1,1,120.8,1,1,4,75,0,mensual,efectivo,fibra,centro,1,0.7111013044097179
5,75.2,307.38,3,0,81.13,1,1,2,57,0,mensual,transferencia,movil,norte,1,0.8746920168929755
3,67.39,91.32,0,1,114.74,1,1,4,25,0,mensual,transferencia,cable,norte,1,0.6875079618559652
55,61.21,3275.59,1,0,174.9,1,0,4,23,0,mensual,debito,movil,oeste,1,0.6534579372207331
72,41.18,2970.08,2,2,145.29,0,0,2,36,0,bianual,transferencia,fibra,centro,0,0.07388438104132398
71,62.02,4102.6,4,0,106.23,1,0,4,45,0,bianual,debito,cable,norte,0,0.12495013205556069
44,58.82,2545.73,3,1,186.16,1,0,2,47,0,mensual,debito,movil,sur,1,0.8110972401569453
41,74.95,2927.81,1,0,74.5,1,1,4,31,0,mensual,credito,fibra,centro,0,0.40458185462091223
61,73.76,4342.92,1,0,105.2,1,1,4,30,0,mensual,debito,cable,norte,0,0.43671009979475206
69,78.07,5414.51,2,2,98.05,1,1,4,49,1,mensual,credito,movil,oeste,1,0.756465939646647
65,55.06,3548.2,2,0,120.05,0,0,2,59,1,anual,credito,fibra,centro,0,0.13547882807221318
52,38.71,2052.96,1,0,119.74,1,1,2,74,1,anual,debito,fibra,centro,0,0.11561706661309899
38,36.99,1386.27,0,0,136.35,1,1,4,40,0,anual,credito,ninguno,oeste,0,0.11344684883444743
41,47.13,1828.17,1,0,98.87,0,1,2,55,0,anual,transferencia,movil,centro,0,0.32786069999092204
9,76.08,658.58,1,1,86.0,0,0,3,59,1,bianual,debito,cable,norte,0,0.35982380699757244
59,59.49,3441.59,1,0,110.08,1,0,2,26,0,bianual,credito,ninguno,oeste,0,0.07367606957254265
41,17.76,746.55,2,0,145.31,1,1,4,69,0,bianual,debito,fibra,centro,0,0.0565880395329824
18,64.33,1054.38,0,4,21.24,0,1,4,76,1,bianual,transferencia,movil,norte,1,0.5194100991745766
71,85.33,6134.61,1,1,113.38,1,0,3,71,0,bianual,debito,cable,oeste,0,0.1201524395410136
65,40.23,2590.11,2,0,192.3,0,1,1,56,0,mensual,debito,fibra,oeste,0,0.31447425860526385
29,70.08,2209.43,1,0,131.88,1,1,2,24,1,anual,debito,fibra,sur,0,0.22342875191168066
28,60.74,1712.65,1,1,94.35,1,1,1,27,0,anual,efectivo,cable,norte,0,0.3786024682381396
63,84.48,5447.26,3,1,144.95,1,0,2,50,1,mensual,credito,movil,oeste,1,0.8055515627622143
71,80.39,5693.42,0,1,125.46,1,0,1,56,0,mensual,debito,movil,oeste,1,0.6510493717308125
66,68.08,4599.29,2,0,146.81,0,0,2,24,0,mensual,debito,fibra,centro,0,0.395021469083601
56,66.86,3625.86,0,3,167.47,0,1,2,55,0,mensual,debito,cable,oeste,1,0.6180933275738468
9,67.18,743.66,1,1,103.34,1,1,3,66,1,mensual,transferencia,movil,norte,1,0.8515518935538998
71,50.68,3569.79,1,0,67.1,0,0,2,54,1,mensual,debito,fibra,norte,0,0.33216847629190305
7,56.97,523.18,1,1,122.61,1,1,1,27,0,anual,debito,fibra,centro,0,0.29544816406607105
24,74.09,1946.86,3,0,150.95,1,1,2,31,0,bianual,debito,fibra,centro,0,0.16296761842656382
47,74.6,3655.72,1,0,70.28,0,0,1,28,1,anual,credito,movil,norte,0,0.43094064747275895
50,80.66,4110.72,2,1,151.01,1,0,1,18,1,bianual,transferencia,cable,oeste,0,0.22171065867668865
11,54.49,571.41,2,1,76.43,0,0,1,47,0,bianual,debito,cable,centro,0,0.33095108094574693
37,59.08,2363.29,2,3,168.34,0,1,4,37,0,mensual,transferencia,fibra,oeste,1,0.6165367954327966
18,77.68,1255.89,3,0,189.39,1,0,4,51,0,anual,debito,fibra,oeste,0,0.3333928050856588
18,74.34,1254.56,3,1,127.26,1,0,4,27,0,anual,debito,cable,centro,1,0.5171874571274133
34,72.72,2375.3,0,0,234.49,0,1,2,72,0,bianual,debito,cable,sur,0,0.12760069114964737
10,34.73,240.41,1,0,112.59,1,0,1,32,1,mensual,debito,fibra,norte,1,0.5617500228764885
48,79.31,3694.09,0,0,65.21,1,1,1,47,0,anual,debito,fibra,norte,0,0.1258015227948381
56,97.85,5457.12,0,1,71.81,1,0,3,65,1,mensual,credito,cable,centro,1,0.602431006646622
27,50.21,1536.01,2,1,120.72,0,1,4,59,0,mensual,transferencia,fibra,oeste,1,0.5349223209649653
14,56.42,809.27,2,1,142.6,1,0,2,54,0,anual,credito,fibra,sur,0,0.292503024512258
8,94.01,811.08,1,1,210.91,1,0,1,38,0,anual,transferencia,cable,sur,0,0.4976057991794357
49,65.66,3098.91,0,1,5.0,1,0,2,29,1,bianual,debito,cable,sur,0,0.17166006332636116
41,76.52,3012.31,1,0,35.91,1,1,4,78,1,mensual,transferencia,fibra,sur,0,0.4633065282178325
4,53.54,340.78,3,0,130.98,0,1,1,57,0,mensual,debito,fibra,sur,1,0.6816693814282445
35,93.9,3282.02,2,0,119.23,1,1,2,63,0,mensual,credito,fibra,sur,1,0.5297088818240692
13,93.71,1058.69,1,1,125.39,0,0,1,78,0,mensual,debito,ninguno,centro,1,0.7826484723899889
32,42.12,1464.78,6,1,123.41,1,1,1,32,0,mensual,debito,cable,sur,1,0.7985599407637243
36,67.84,2366.42,0,0,124.49,0,0,4,64,0,anual,efectivo,fibra,centro,0,0.20096258044777285
33,49.7,1749.61,2,0,180.99,0,1,3,38,0,anual,transferencia,fibra,centro,0,0.15978421405046972
59,30.23,1586.56,3,1,151.85,1,0,2,36,0,bianual,transferencia,fibra,oeste,0,0.07852523565026888
58,42.92,2508.69,1,1,200.15,0,0,3,33,0,mensual,debito,movil,norte,1,0.6464230431465042
42,68.2,2648.63,1,0,156.14,1,1,1,71,0,mensual,credito,cable,centro,1,0.510553875276631
70,74.33,5328.11,1,0,190.02,1,0,1,34,0,mensual,transferencia,fibra,norte,0,0.27832135791798573
53,31.3,1521.1,3,0,50.81,0,1,1,62,1,anual,transferencia,movil,norte,0,0.3718335622422325
61,48.48,2951.41,1,3,142.06,0,0,2,19,0,mensual,debito,movil,centro,1,0.7759062077300971
4,67.63,213.64,4,0,67.28,0,0,1,57,0,mensual,transferencia,ninguno,centro,1,0.812922838569944
44,69.35,2930.62,2,0,186.84,1,1,1,18,0,mensual,debito,ninguno,centro,1,0.5242808130643182
52,68.79,3545.6,0,2,90.37,1,1,4,71,0,mensual,transferencia,fibra,sur,0,0.39663908007239956
25,88.16,2177.96,1,0,132.84,0,1,1,66,0,mensual,credito,fibra,norte,1,0.5233508737868463
21,45.6,845.15,1,0,45.78,0,1,2,74,0,mensual,debito,fibra,norte,0,0.47767343855726285
5,64.46,214.93,0,0,214.93,0,0,1,30,0,mensual,transferencia,fibra,norte,1,0.5405744286975194
32,52.61,1777.66,3,0,93.03,0,0,3,59,0,anual,efectivo,cable,oeste,0,0.43726470451748345
62,57.74,3649.57,1,0,130.85,1,0,2,43,1,anual,efectivo,movil,norte,0,0.37804531570949884
45,80.7,3489.53,4,1,62.43,1,0,1,35,1,bianual,debito,cable,centro,0,0.35522795188850576
33,97.47,3221.52,2,0,80.32,1,1,4,38,0,anual,debito,ninguno,centro,0,0.3110581282747839
53,72.44,3593.6,2,1,79.11,1,0,1,19,1,mensual,debito,fibra,norte,1,0.564464071683295
11,76.86,867.2,1,1,144.03,0,0,2,67,1,mensual,debito,cable,centro,1,0.8235620895711522
9,22.85,349.77,1,0,112.23,1,1,2,39,0,mensual,efectivo,movil,sur,1,0.791935890099483
11,57.81,585.16,2,0,75.62,1,1,2,35,0,bianual,credito,fibra,centro,0,0.14089107531085923
42,56.09,2354.14,1,0,166.19,0,1,3,58,0,anual,debito,fibra,centro,0,0.1364904127601479
68,61.4,4357.47,2,0,226.38,1,1,4,36,1,bianual,debito,cable,centro,0,0.09420967869570261
49,58.11,2748.58,1,1,164.7,1,0,3,21,0,bianual,debito,cable,centro,0,0.13901803732120663
62,88.49,5400.33,3,0,183.23,1,0,3,51,1,mensual,transferencia,movil,norte,1,0.748337918570179
70,74.02,5231.77,1,0,35.2,1,1,2,53,0,anual,credito,fibra,centro,0,0.08927792399983389
72,89.89,6379.44,2,0,134.39,0,0,1,76,0,anual,credito,fibra,centro,0,0.1316541918352357
50,100.2,5014.52,1,1,138.5,1,1,4,71,0,mensual,credito,cable,sur,1,0.5839859900596732
58,35.2,1998.22,2,1,113.07,1,1,2,77,1,anual,credito,cable,oeste,0,0.2106728371305985
30,67.96,1934.51,2,0,32.27,1,0,1,76,0,mensual,efectivo,movil,sur,1,0.8622514021371877
42,73.73,3174.57,2,0,66.73,1,1,2,60,0,mensual,credito,fibra,oeste,0,0.46207684620365264
10,59.37,580.55,5,1,110.36,1,0,1,21,0,mensual,debito,cable,sur,1,0.8767613374349525
12,38.64,473.45,1,1,57.38,1,1,2,67,0,mensual,debito,fibra,centro,1,0.5575060145783375
33,90.92,3174.05,1,0,107.08,0,1,4,25,0,mensual,credito,fibra,norte,0,0.4763598591113356
35,88.22,3216.48,2,0,102.33,1,1,4,50,0,anual,debito,fibra,sur,0,0.2253195046959928
15,72.11,865.15,0,0,189.61,1,0,1,47,0,anual,transferencia,cable,oeste,0,0.31524360087976844
11,46.38,541.91,0,1,125.53,1,1,3,22,1,bianual,debito,cable,centro,0,0.21482839282809177
7,70.55,365.21,2,0,82.77,0,0,3,20,0,bianual,credito,fibra,sur,0,0.20057927374213277
23,40.13,1154.43,0,0,49.11,1,1,2,72,1,mensual,transferencia,fibra,centro,0,0.41986956513827994
14,79.56,1047.17,1,0,172.89,1,1,2,31,1,mensual,credito,fibra,centro,1,0.5958565600070316
24,66.64,1463.93,2,0,40.79,1,1,1,62,1,mensual,efectivo,movil,norte,1,0.8724629993158874
3,66.23,171.55,1,0,140.88,1,1,1,75,0,mensual,efectivo,fibra,norte,1,0.6528977665949273
14,101.57,1627.23,0,0,151.26,0,1,4,36,0,bianual,credito,fibra,norte,0,0.12866794856488478
61,23.29,1573.08,4,1,201.46,1,0,2,54,0,mensual,debito,fibra,centro,0,0.4360824881733884
36,81.27,2957.2,1,2,202.42,0,1,4,29,0,mensual,debito,cable,norte,1,0.6895350365801206
68,89.36,6133.17,3,1,111.14,0,0,1,49,1,mensual,transferencia,fibra,centro,1,0.56787106122095
33,59.64,1966.46,2,2,150.26,0,1,1,60,0,mensual,credito,fibra,norte,1,0.5706477613568548
43,77.71,3326.1,0,1,107.57,1,1,2,37,0,anual,credito,fibra,centro,0,0.14955154312166505
8,38.8,456.4,2,0,140.69,1,0,3,63,0,anual,credito,cable,norte,0,0.31074521249064874
61,70.87,4322.75,0,2,147.9,1,1,4,78,1,anual,debito,movil,sur,0,0.37595832829248493
30,70.06,2066.95,3,0,135.96,0,0,2,19,0,mensual,credito,cable,norte,1,0.7009395916982384
34,67.79,2235.93,1,1,103.63,0,1,1,57,0,mensual,credito,fibra,norte,0,0.491096773534614
14,52.38,694.94,2,1,152.62,0,0,3,65,0,mensual,credito,fibra,centro,1,0.6235377649977832
50,64.35,3280.28,1,1,135.65,1,1,1,64,0,bianual,debito,fibra,centro,0,0.08337281091452317
57,83.34,4747.37,2,0,238.08,1,1,2,66,0,anual,debito,cable,norte,0,0.20104421635307462
28,66.26,1699.38,0,0,146.0,0,0,4,62,0,anual,debito,fibra,centro,0,0.17859432615996737
70,91.0,6393.26,3,0,158.82,1,0,4,72,0,mensual,debito,fibra,sur,0,0.4267259660002641
31,78.08,2267.31,3,2,53.47,1,0,3,69,0,anual,debito,fibra,oeste,0,0.4142307273837223
31,61.12,1942.28,4,0,46.81,1,1,1,28,0,mensual,debito,movil,norte,1,0.8385840094979111
69,46.19,3068.85,1,0,149.3,1,1,4,23,0,anual,debito,cable,norte,0,0.10982811339742243
51,50.49,2392.54,2,0,74.09,1,0,1,70,0,anual,credito,movil,oeste,0,0.3601598310304656
52,75.17,3869.15,0,0,89.81,0,1,2,29,1,anual,debito,fibra,centro,0,0.14907851565416655
17,77.83,1247.54,1,1,120.01,0,0,2,47,1,mensual,credito,movil,centro,1,0.8824753745550475
36,67.62,2649.97,3,0,63.67,0,1,3,36,0,mensual,debito,cable,norte,1,0.6733271197057825
56,36.33,1974.32,2,1,293.83,0,1,1,76,1,mensual,credito,fibra,centro,0,0.37977802221671575
47,90.73,4384.64,2,1,103.12,1,0,4,59,1,bianual,debito,fibra,oeste,0,0.17118766874588973
65,61.89,3881.6,5,2,117.24,1,0,1,37,0,mensual,debito,movil,centro,1,0.856782117281805
34,51.57,1661.74,1,2,177.56,0,0,4,74,0,anual,credito,fibra,centro,0,0.2121970673103536
9,35.79,132.95,4,1,95.75,1,1,3,57,0,mensual,transferencia,fibra,norte,1,0.6436781219522493
20,48.71,999.92,2,2,110.01,0,1,1,47,1,mensual,credito,fibra,oeste,1,0.6872821027920804
57,72.15,4204.71,1,1,67.5,1,1,1,66,1,anual,transferencia,fibra,norte,0,0.1532935609080985
62,50.03,2948.77,3,1,163.58,0,1,2,57,1,mensual,debito,fibra,norte,0,0.4697722155118329
56,85.19,4878.92,5,2,105.11,1,1,3,29,0,anual,credito,movil,centro,1,0.6131215733864678
24,60.45,1312.71,0,0,49.15,0,1,4,28,0,anual,transferencia,fibra,norte,0,0.15048671985279924
18,65.72,1215.48,1,1,116.23,0,0,2,56,0,mensual,debito,fibra,centro,1,0.6414728431146705
16,67.95,1193.85,0,0,170.12,1,0,2,61,0,mensual,transferencia,cable,norte,1,0.5990709936501308
71,62.18,4453.74,2,1,208.92,1,0,3,37,0,bianual,efectivo,fibra,centro,0,0.08775960483188656
9,76.15,849.19,1,0,104.48,1,0,1,37,1,mensual,credito,cable,sur,1,0.768291164399179
13,77.03,1157.94,4,1,28.26,0,1,3,78,0,mensual,credito,cable,centro,1,0.8425394088829051
45,67.1,2956.42,3,0,97.72,1,1,4,63,0,mensual,debito,movil,centro,1,0.7604523278395097
32,66.35,2149.48,1,1,139.12,1,1,1,39,0,mensual,transferencia,fibra,sur,0,0.4970790646007972
25,44.48,955.86,2,2,106.29,1,1,4,36,1,mensual,efectivo,fibra,centro,1,0.7056040841112434
35,55.77,1636.76,1,1,109.87,0,1,4,33,0,bianual,debito,fibra,centro,0,0.1069328096709345
25,68.58,1753.65,1,0,23.78,1,1,1,49,1,mensual,credito,fibra,oeste,1,0.5563854483196959
24,80.63,2000.86,3,0,88.16,1,1,2,40,1,anual,credito,cable,oeste,0,0.453182330984211
42,77.21,3295.6,1,2,39.49,1,0,2,67,0,bianual,transferencia,movil,centro,0,0.3583099211926392
62,36.89,2135.23,2,0,105.37,0,1,2,55,1,bianual,credito,fibra,norte,0,0.05444177531668285
70,77.37,5406.58,1,1,176.96,0,0,3,26,0,mensual,credito,cable,oeste,0,0.49525219615531074
10,48.98,448.04,3,0,55.28,0,1,2,40,0,anual,debito,fibra,sur,0,0.3217035226444566
40,52.54,2198.53,0,0,171.12,0,1,1,18,0,bianual,debito,fibra,sur,0,0.06554481918764622
24,65.21,1506.14,1,1,114.56,1,1,3,49,0,anual,debito,cable,oeste,0,0.35033813626411114
29,52.17,1435.91,0,2,82.55,1,1,2,37,0,anual,debito,fibra,centro,0,0.21263663350949763
55,62.73,3566.07,2,0,156.36,1,1,4,53,0,mensual,credito,movil,sur,1,0.6279672400672408
4,55.68,374.4,1,1,137.11,0,1,3,64,0,mensual,credito,movil,centro,1,0.8367323601709965
39,45.86,1889.51,4,0,82.68,1,0,2,44,1,anual,credito,fibra,centro,0,0.253224928056285
58,79.41,4620.81,2,0,141.22,0,0,1,44,0,mensual,credito,movil,centro,1,0.7196695167516083
48,98.7,4829.07,0,0,125.53,0,1,2,47,0,mensual,credito,fibra,sur,0,0.3960335081244056
26,99.58,2497.05,3,2,179.19,1,0,4,55,1,bianual,credito,cable,sur,0,0.42431830990371655
20,26.69,458.59,2,0,135.0,1,1,1,18,0,mensual,debito,fibra,norte,0,0.4555237130127361
70,71.26,4925.14,2,0,118.0,0,0,3,61,1,mensual,credito,cable,centro,1,0.520495221010497
59,56.64,3367.74,2,0,118.07,1,1,4,67,0,mensual,debito,fibra,centro,0,0.3398670861215346
49,99.34,4789.73,1,0,107.24,0,1,2,73,1,mensual,credito,cable,sur,1,0.61963030462286
34,65.34,2232.28,4,2,133.4,1,0,3,27,1,mensual,transferencia,fibra,centro,1,0.7392855361810405
26,90.56,2483.74,4,0,161.14,1,1,4,58,1,mensual,debito,movil,norte,1,0.8847496270206544
55,85.28,4640.74,2,1,94.83,1,1,3,41,1,anual,transferencia,fibra,oeste,0,0.21513316451875747
38,66.42,2526.29,1,1,66.69,1,1,3,24,1,mensual,transferencia,fibra,sur,1,0.5207034184508051
21,71.82,1591.48,3,0,101.3,1,1,2,45,1,mensual,debito,cable,sur,1,0.780573574342729
4,54.88,234.26,2,1,143.64,0,0,3,40,0,mensual,credito,fibra,oeste,1,0.6878724658923147
7,70.38,347.07,0,0,92.27,1,1,2,29,0,anual,transferencia,movil,norte,0,0.46934027883042195
6,56.95,255.83,2,0,19.73,1,0,4,33,0,mensual,credito,fibra,norte,1,0.606129022911121
59,66.46,3782.17,3,0,144.59,1,1,3,43,1,mensual,debito,fibra,oeste,0,0.4705836625767587
71,88.78,6336.22,0,0,91.55,1,1,1,33,0,bianual,credito,cable,norte,0,0.06427565210733971
35,46.01,1665.56,2,0,117.62,1,1,1,42,1,mensual,credito,cable,sur,1,0.5987849439724151
9,65.44,637.29,2,0,91.27,0,0,2,29,0,anual,transferencia,fibra,norte,0,0.3024926163985389
43,75.63,3346.67,1,1,243.76,1,1,4,21,0,mensual,credito,ninguno,centro,0,0.48179531731982816
27,58.79,1711.88,0,1,187.28,1,1,1,36,0,mensual,credito,cable,oeste,1,0.5763245043989907
2,69.34,52.31,3,0,83.27,1,1,4,22,0,anual,debito,movil,norte,1,0.6513571325987018
34,38.36,1426.71,0,2,117.73,1,1,2,22,0,bianual,debito,fibra,oeste,0,0.09559593584556299
38,74.99,2705.32,2,2,206.36,1,0,4,56,1,mensual,credito,cable,oeste,1,0.750149385165691
20,40.84,730.23,1,3,91.56,0,0,4,30,0,anual,debito,fibra,centro,0,0.33947693751025315
27,92.02,2498.65,4,1,188.89,1,0,2,65,1,anual,debito,cable,oeste,1,0.6147233820680451
9,102.15,991.18,1,0,159.46,0,0,3,53,0,anual,credito,fibra,centro,0,0.33960077291922747
8,82.69,733.86,1,0,146.69,1,1,4,68,0,mensual,credito,movil,norte,1,0.8055984422985977
4,78.78,295.22,0,2,152.93,0,0,4,24,1,mensual,debito,fibra,norte,1,0.751235798561989
13,90.39,1016.77,1,0,91.06,1,1,4,54,1,anual,credito,cable,centro,0,0.41695179184422754
4,31.06,60.7,1,1,62.12,1,1,3,65,0,bianual,transferencia,fibra,oeste,0,0.12835748318216203
42,59.9,2453.98,1,0,134.87,0,1,2,77,0,mensual,transferencia,fibra,oeste,0,0.3900342223032248
61,76.06,4567.73,2,1,94.74,1,0,3,69,1,anual,credito,fibra,sur,0,0.19151581088325473
71,87.48,6391.2,0,0,109.87,1,0,4,57,1,anual,credito,fibra,sur,0,0.09767826987344438
12,60.28,656.74,0,0,158.01,0,0,3,42,0,bianual,debito,cable,norte,0,0.1830521927333779
22,60.32,1242.65,2,1,170.81,1,1,4,34,0,bianual,credito,fibra,centro,0,0.12896818438185356
70,73.72,5220.36,1,0,102.45,0,1,3,33,1,mensual,credito,cable,sur,0,0.4513607627607039
55,57.1,3146.05,1,0,167.14,1,1,1,22,0,mensual,efectivo,cable,centro,1,0.5262672128783107
30,60.94,1698.51,1,0,201.89,1,0,1,29,0,mensual,debito,cable,norte,1,0.5962201203662207
14,88.24,1333.73,2,2,163.86,1,1,4,27,0,mensual,efectivo,fibra,norte,1,0.7747429268114208
58,78.1,4518.57,2,2,187.59,1,0,4,18,0,mensual,debito,fibra,centro,1,0.532401250047271
67,100.84,6856.59,2,0,109.63,1,0,2,65,0,bianual,credito,fibra,norte,0,0.07177086336177636
46,53.6,2529.56,2,1,97.01,1,0,1,32,1,bianual,credito,movil,sur,0,0.3199092610050015
1,75.54,90.7,1,1,95.46,0,0,4,38,1,mensual,efectivo,fibra,centro,1,0.816271453156266
20,53.81,1067.85,2,1,147.87,0,0,3,60,0,anual,credito,cable,centro,0,0.3865716077073678
46,63.07,2898.67,3,0,184.65,0,1,3,23,0,mensual,debito,fibra,oeste,0,0.49306089397645114
4,71.97,265.7,0,2,98.73,1,0,3,29,0,mensual,credito,fibra,centro,1,0.6820736343812348
5,97.13,631.1,4,0,67.58,1,1,2,49,1,mensual,credito,cable,centro,1,0.8771984865134661
45,72.09,3420.61,3,1,130.84,1,1,1,18,1,mensual,debito,movil,oeste,1,0.8520154264058915
48,80.43,3706.12,1,1,112.64,0,1,2,44,1,bianual,efectivo,cable,norte,0,0.23439628646657923
9,47.12,483.68,3,0,35.36,1,0,2,65,0,bianual,credito,fibra,sur,0,0.1761284087444008
65,69.87,4628.76,2,0,96.85,1,0,3,52,1,bianual,debito,cable,sur,0,0.13619431971195545
39,52.66,2110.74,3,1,93.73,1,1,4,41,0,mensual,efectivo,fibra,norte,1,0.5896501833978299
31,52.86,1711.77,2,1,84.77,0,1,4,36,1,mensual,debito,movil,norte,1,0.8261995710773523
64,93.96,5975.36,1,1,122.25,0,0,3,33,1,anual,credito,cable,norte,0,0.26576179199977124
10,56.88,509.21,1,0,93.53,1,1,3,47,0,anual,credito,cable,centro,0,0.30639287132818677
22,75.32,1644.52,3,1,169.29,0,1,3,47,0,mensual,credito,cable,centro,1,0.7639931750610439
60,67.18,3964.11,1,2,141.84,0,0,4,41,0,mensual,debito,ninguno,oeste,1,0.5534081721521105
35,96.87,3263.72,0,1,66.69,1,1,4,26,0,mensual,transferencia,movil,sur,1,0.7777203649738701
50,79.42,4100.12,1,2,110.94,1,1,3,26,1,mensual,transferencia,movil,centro,1,0.7961618898102503
27,78.87,2092.11,3,2,127.64,0,1,2,25,1,mensual,transferencia,cable,sur,1,0.8387734034030999
5,61.79,254.76,0,1,45.78,0,1,4,78,0,anual,debito,cable,norte,0,0.38109875212700756
69,41.95,2890.25,1,0,96.48,1,1,3,55,1,anual,credito,fibra,centro,0,0.07824764583792079
2,53.51,76.95,2,1,135.58,1,0,2,45,0,anual,credito,fibra,norte,0,0.3212989409725152
57,110.51,6324.47,0,0,134.29,0,0,4,21,1,bianual,transferencia,movil,norte,0,0.2365637502287474
21,60.54,1274.68,2,0,82.47,0,0,3,55,0,bianual,transferencia,movil,norte,0,0.3416266639579535
6,48.62,461.56,3,0,116.77,1,1,3,40,1,mensual,credito,ninguno,sur,1,0.7057916546712618
65,73.88,4671.76,2,0,163.45,0,0,4,51,0,mensual,efectivo,cable,sur,1,0.5918863071503428
66,52.42,3445.38,1,1,166.12,1,0,3,19,0,bianual,credito,cable,sur,0,0.08670745692671074
63,72.58,4665.34,3,1,104.53,1,0,2,44,1,bianual,debito,movil,norte,0,0.3277073814115969
43,94.05,4231.29,2,0,42.39,1,1,2,27,1,anual,efectivo,fibra,norte,0,0.3032830721329263
62,86.25,5282.94,2,2,137.14,1,1,4,76,1,mensual,transferencia,movil,centro,1,0.7837147930264567
62,50.99,3262.3,3,2,90.03,1,0,1,52,0,anual,transferencia,cable,oeste,0,0.308948809965912
56,71.17,4124.8,1,1,154.35,0,1,3,67,0,mensual,debito,fibra,centro,0,0.4122314818342931
2,66.94,324.18,1,4,51.28,1,1,1,63,0,mensual,debito,cable,centro,1,0.8823657984561423
25,77.31,1926.13,1,0,82.52,1,0,3,60,0,anual,credito,fibra,sur,0,0.21583109807703046
1,73.03,63.23,4,2,77.77,0,1,1,49,0,mensual,debito,fibra,oeste,1,0.8589784591987606
44,65.46,3058.1,3,0,175.83,1,1,4,52,0,bianual,debito,movil,centro,0,0.2660031295639894
15,15.0,167.22,2,0,65.74,1,1,2,20,1,mensual,transferencia,fibra,sur,0,0.49529334508161504
37,50.77,1939.24,1,0,109.47,1,0,4,50,0,anual,debito,fibra,centro,0,0.15168471433262015
2,59.51,175.67,0,1,105.64,1,1,4,32,1,mensual,credito,movil,centro,1,0.8405724231565006
30,87.77,2661.59,1,0,176.4,1,1,3,18,1,anual,debito,fibra,oeste,0,0.2476859469035003
51,53.84,2803.37,2,0,100.05,1,1,3,74,0,mensual,credito,cable,centro,0,0.4740383122954402
58,68.61,3984.28,2,0,143.52,1,1,2,75,1,bianual,transferencia,cable,centro,0,0.11929602173250015
15,77.96,1270.75,1,1,234.04,0,0,1,51,0,mensual,credito,cable,sur,1,0.7483008557989633
24,100.97,2228.05,0,0,122.65,0,0,4,58,0,mensual,credito,cable,centro,1,0.6755345899312158
62,73.71,4531.78,3,0,173.73,1,1,2,32,0,anual,transferencia,cable,centro,0,0.20904818369721503
28,83.86,2380.51,3,1,127.9,0,1,4,30,0,mensual,efectivo,cable,sur,1,0.8291383189322283
12,84.05,930.61,1,1,73.07,0,1,4,78,0,anual,credito,movil,centro,1,0.6045532483025373
21,72.02,1559.52,2,0,153.39,0,1,1,49,1,bianual,credito,fibra,norte,0,0.1528640875168329
4,34.11,50.0,0,1,132.22,1,0,4,71,1,mensual,credito,fibra,oeste,1,0.5594130745383353
37,68.76,2520.58,1,1,83.37,0,1,3,51,1,mensual,credito,fibra,centro,1,0.538280087741832
70,75.6,5359.89,3,2,62.42,1,1,2,72,0,bianual,credito,fibra,oeste,0,0.10399749835631093
49,69.17,3431.67,1,1,103.5,1,1,1,49,1,anual,debito,ninguno,sur,0,0.24716771825797607
22,58.92,1057.58,2,0,136.66,0,0,2,27,1,mensual,transferencia,fibra,sur,1,0.6179943986570047
52,59.8,3530.64,7,1,120.98,1,1,3,44,1,anual,efectivo,fibra,sur,0,0.45640983571145427
59,54.97,3093.74,2,0,251.5,1,1,3,63,1,mensual,transferencia,cable,sur,0,0.46161685355023463
45,40.31,1971.71,1,1,91.36,1,0,4,43,0,anual,credito,cable,sur,0,0.20793505355145608
12,99.06,1063.81,3,1,116.44,1,1,4,65,0,bianual,efectivo,ninguno,centro,0,0.4108823778521664
30,73.14,2164.06,3,3,67.69,1,1,1,22,0,mensual,credito,cable,sur,1,0.824567806947121
29,81.2,2487.64,0,1,147.45,1,0,3,56,0,anual,transferencia,ninguno,sur,0,0.256715266652897
20,42.64,766.01,1,0,123.68,1,1,4,64,1,bianual,debito,fibra,norte,0,0.09860693610690238
67,76.29,5031.05,4,0,14.39,1,1,1,62,1,mensual,credito,cable,oeste,1,0.6340177002896252
31,64.43,2127.32,1,0,126.46,0,0,1,65,0,mensual,debito,cable,centro,1,0.6465978157492269
4,47.15,285.37,3,1,47.68,1,1,2,19,1,mensual,debito,fibra,norte,1,0.7362376462706686
22,55.6,1221.6,2,0,132.49,1,0,2,28,0,bianual,credito,cable,norte,0,0.17925816203352296
40,66.8,2721.75,2,0,83.11,1,1,4,36,0,mensual,credito,fibra,centro,0,0.4326095581713957
68,46.05,3068.79,3,1,53.15,1,1,4,19,0,bianual,efectivo,fibra,centro,0,0.0971026163181216
18,19.71,264.64,0,1,212.63,1,1,1,61,0,anual,credito,cable,oeste,0,0.2035369599297914
22,26.26,481.83,0,1,120.08,1,1,2,70,1,mensual,efectivo,movil,norte,1,0.780242327291664
39,52.0,2123.17,1,0,106.21,1,1,4,30,0,mensual,credito,fibra,centro,0,0.35148970579489125
22,83.69,1730.46,5,2,117.35,1,1,2,36,1,mensual,transferencia,ninguno,centro,1,0.8651761132838321
57,35.47,2091.28,3,0,26.21,0,0,3,78,0,anual,credito,cable,norte,0,0.19925591969303458
17,15.0,263.17,3,0,203.45,0,0,1,40,0,anual,debito,fibra,norte,0,0.21175876473197228
72,52.9,3924.79,3,0,131.91,1,0,3,59,0,mensual,debito,fibra,sur,0,0.3535883555133652
57,61.76,3258.42,2,1,129.42,0,0,3,73,1,bianual,credito,cable,oeste,0,0.1714982766167156
10,72.72,773.93,0,2,41.28,1,0,3,47,1,mensual,debito,cable,centro,1,0.8248715803865335
25,52.06,1389.73,1,1,115.5,0,1,4,59,1,bianual,debito,fibra,oeste,0,0.14553994751465982
54,61.95,3356.98,0,3,145.96,1,0,1,38,0,mensual,credito,cable,norte,1,0.5806992502102393
19,76.0,1491.4,1,0,161.57,0,1,2,65,1,bianual,credito,fibra,sur,0,0.14361714310651105
23,84.19,2214.46,0,1,174.14,1,0,4,41,1,anual,credito,fibra,norte,0,0.24308919788056785
44,50.29,2144.57,0,1,138.71,1,0,1,23,1,bianual,credito,movil,centro,0,0.23736099194080962
34,56.46,1957.74,0,1,59.71,0,0,1,54,1,anual,debito,fibra,oeste,0,0.2469963655866895
17,70.1,1086.31,0,0,55.87,1,1,1,55,1,bianual,credito,movil,norte,0,0.30681403089621134
20,50.17,847.01,3,0,121.14,0,1,1,26,0,anual,credito,fibra,sur,0,0.25228552992070125
10,85.21,927.7,0,0,169.98,1,0,4,38,1,mensual,credito,cable,sur,1,0.718902023811347
70,72.59,5126.15,1,1,106.78,1,0,3,67,0,mensual,transferencia,cable,sur,0,0.46975503555142417
60,82.38,4851.07,2,0,118.88,1,0,1,32,0,anual,transferencia,fibra,oeste,0,0.1571213871688265
30,69.37,2001.12,1,0,143.28,1,0,3,59,1,mensual,debito,cable,centro,1,0.6744032363697775
29,25.22,818.5,0,1,163.28,1,1,2,59,0,mensual,debito,cable,centro,1,0.5003639711434581
69,103.49,7011.98,2,1,5.0,0,1,1,52,1,bianual,transferencia,fibra,centro,0,0.12430200214121709
6,47.29,169.53,1,1,105.98,0,1,4,41,0,mensual,efectivo,cable,norte,1,0.7634394468700416
56,58.16,3191.37,0,0,109.73,0,1,1,32,0,mensual,credito,ninguno,centro,0,0.3451236962212107
69,40.09,2781.57,2,0,217.85,0,0,1,43,1,anual,transferencia,movil,oeste,0,0.30141356380667034
61,95.54,5738.44,4,0,125.4,1,1,3,52,0,mensual,credito,cable,norte,1,0.5937036994904383
9,47.99,366.21,0,0,78.2,1,0,3,30,0,anual,debito,cable,oeste,0,0.31966600463384526
44,76.17,3216.8,2,0,166.43,1,0,2,26,0,bianual,transferencia,cable,centro,0,0.15687397599388708
54,68.66,3694.17,2,1,67.77,1,1,4,44,0,mensual,efectivo,movil,oeste,1,0.7987374416872842
7,47.32,342.64,1,0,188.41,1,1,3,59,1,bianual,credito,cable,centro,0,0.18686385357063257
33,55.26,1754.74,1,1,208.26,0,0,3,20,0,bianual,credito,fibra,centro,0,0.10376924421121807
60,46.15,2719.27,0,0,177.46,1,1,4,44,1,mensual,credito,fibra,oeste,0,0.247519461422009
59,55.64,3275.85,2,1,69.35,1,1,3,49,0,bianual,credito,movil,norte,0,0.18945481169086803
35,74.67,2690.37,2,2,67.3,0,0,4,39,1,mensual,efectivo,fibra,norte,1,0.7588318748473596
12,66.37,831.2,2,2,90.46,0,1,1,67,1,mensual,credito,fibra,centro,1,0.7520573147557033
30,73.5,2381.57,2,1,78.64,0,0,1,32,0,anual,debito,fibra,sur,0,0.3305816307735642
2,78.55,120.83,2,0,75.34,1,0,4,25,0,mensual,transferencia,movil,centro,1,0.884205796421111
37,57.07,2064.3,1,2,94.01,0,0,1,24,1,bianual,credito,movil,centro,0,0.399632697910338
58,60.82,3493.88,2,1,103.59,1,1,2,31,0,mensual,transferencia,cable,centro,1,0.5341132050854217
42,77.38,3452.2,0,1,176.53,0,0,3,47,0,mensual,debito,fibra,sur,0,0.48234770293523677
8,86.35,607.84,2,2,118.87,1,1,4,21,1,mensual,transferencia,cable,oeste,1,0.8628653056907326
67,62.62,4110.27,4,1,199.89,1,0,2,74,0,mensual,debito,fibra,centro,0,0.493309084139397
7,94.08,834.16,3,1,225.33,1,1,4,67,1,bianual,credito,fibra,norte,0,0.2694306667178926
68,55.81,3746.82,2,0,108.93,1,0,2,60,0,mensual,debito,fibra,oeste,0,0.353247677458117
43,39.39,1732.87,1,1,124.67,1,1,3,33,1,anual,transferencia,movil,centro,0,0.3710239233957852
41,40.88,1962.07,3,2,51.0,0,0,1,72,0,anual,transferencia,cable,sur,0,0.39543520337012844
9,64.25,625.6,0,0,121.5,1,1,4,77,0,bianual,credito,ninguno,centro,0,0.12481872953055947
44,51.49,2202.01,1,0,63.03,1,0,3,51,0,anual,debito,movil,centro,0,0.3639234647257311
18,70.22,1209.78,1,1,165.47,1,1,4,73,1,mensual,efectivo,movil,norte,1,0.8711067285738933
28,52.52,1555.48,2,0,178.5,0,1,2,59,1,bianual,credito,fibra,centro,0,0.1150533779750607
25,71.45,1756.47,1,1,141.53,1,1,1,67,1,anual,credito,cable,norte,0,0.3516240918398343
21,69.96,1652.99,0,2,192.67,0,1,3,64,0,mensual,debito,fibra,centro,1,0.5889688125633086
34,81.87,2723.65,3,0,129.59,1,1,4,59,0,bianual,transferencia,fibra,sur,0,0.12684391792700947
31,71.67,2537.81,6,2,51.94,1,0,1,43,0,mensual,transferencia,fibra,norte,1,0.8005237857474603
39,24.41,926.86,1,1,142.76,0,0,3,49,0,bianual,transferencia,movil,centro,0,0.21303012243712602
54,79.02,4298.21,5,0,169.3,1,0,3,23,0,anual,credito,fibra,oeste,0,0.24529322542061194
71,61.02,4195.35,4,1,199.98,0,0,4,61,1,anual,debito,movil,oeste,0,0.49205256029663075
38,80.7,2953.79,0,0,200.83,1,0,1,31,0,anual,credito,fibra,centro,0,0.14776369169523698
3,58.4,50.0,1,1,156.8,0,1,1,34,0,mensual,debito,movil,centro,1,0.8698205806728407
41,99.07,4244.62,1,1,80.34,1,1,4,67,0,mensual,debito,ninguno,centro,1,0.6119429686048878
26,45.39,1233.59,0,0,145.86,0,1,4,71,0,mensual,credito,movil,centro,1,0.6497560848137928
16,74.71,978.19,1,0,218.6,1,0,3,64,0,bianual,debito,fibra,sur,0,0.14036046384294182
31,48.68,1457.3,0,0,114.43,1,0,4,19,0,mensual,credito,movil,oeste,1,0.6705891526522794
23,73.38,1689.66,2,1,182.8,0,1,3,49,1,mensual,debito,fibra,norte,1,0.6575979571474307
35,60.05,2159.84,3,0,49.65,1,0,4,45,0,bianual,debito,fibra,centro,0,0.13677856199791966
28,59.53,1676.04,2,0,118.11,1,0,4,43,0,bianual,credito,ninguno,oeste,0,0.14261129393717614
13,73.63,1109.34,3,0,94.27,1,1,2,29,0,bianual,efectivo,ninguno,sur,0,0.30901943163312745
71,94.86,6870.65,2,1,99.46,0,0,3,67,0,mensual,transferencia,cable,sur,1,0.5818056794715254
43,71.85,3011.29,1,0,129.51,0,0,4,27,1,anual,credito,fibra,sur,0,0.1845597605178219
5,80.18,393.18,2,0,93.48,1,1,1,71,1,mensual,credito,fibra,centro,1,0.7009816759787298
10,72.68,696.23,1,0,54.24,1,0,2,49,0,mensual,debito,fibra,centro,1,0.6383805973225215
49,72.01,3475.14,4,1,180.17,1,1,1,38,0,mensual,transferencia,ninguno,oeste,1,0.6344078184855373
5,75.45,501.79,2,1,130.9,1,0,4,73,0,anual,efectivo,fibra,centro,0,0.465903899853111
7,68.5,502.9,2,1,127.27,0,1,3,22,1,mensual,credito,fibra,sur,1,0.7196179035553283
15,25.53,615.51,0,0,99.72,1,0,3,26,1,anual,debito,fibra,centro,0,0.18005229180107923
5,49.14,390.33,0,1,85.59,1,0,2,49,1,mensual,transferencia,ninguno,centro,1,0.6804367666237741
44,47.94,2152.26,0,1,114.92,1,0,3,76,0,anual,transferencia,movil,centro,0,0.3226070753189444
38,76.17,2860.52,2,0,44.94,0,1,2,41,0,anual,debito,fibra,sur,0,0.2295438579743826
55,74.19,4075.18,2,2,206.56,0,0,1,64,0,anual,debito,cable,sur,0,0.3574259870659855
50,58.85,2948.9,1,1,76.3,0,1,3,23,1,mensual,debito,movil,sur,1,0.764661347102774
68,55.13,3622.6,3,1,68.69,1,1,3,58,1,mensual,credito,movil,centro,1,0.718271074015156
72,94.96,6939.71,3,0,131.83,1,1,3,55,0,anual,debito,cable,sur,0,0.22329151556312146
24,48.74,1222.83,1,0,160.96,1,0,3,53,0,mensual,credito,movil,centro,1,0.7245353878659492
33,69.62,2277.03,1,1,160.77,0,1,3,38,1,bianual,debito,fibra,centro,0,0.1446115396239029
7,64.09,510.5,1,1,162.56,0,1,4,49,1,mensual,credito,movil,centro,1,0.861583240891393
7,37.75,303.63,2,0,120.78,1,0,3,74,0,bianual,transferencia,movil,norte,0,0.3172469096814943
55,72.28,3914.83,0,0,124.37,1,1,2,55,0,mensual,transferencia,cable,centro,0,0.4116304447114099
56,15.0,717.78,0,2,21.34,0,0,4,56,1,mensual,credito,movil,norte,1,0.6474818090282612
51,57.78,2911.82,2,0,67.71,1,0,3,51,0,mensual,transferencia,fibra,oeste,0,0.41271786640035146
50,61.81,3038.85,1,1,128.33,1,0,3,43,0,anual,debito,movil,norte,0,0.382207555616473
58,32.37,1883.86,2,2,26.92,0,0,4,64,0,anual,debito,fibra,oeste,0,0.19016832863530697
44,81.68,3649.54,2,0,185.78,1,0,3,62,0,mensual,debito,movil,norte,1,0.7539483978456272
53,81.0,4223.88,3,0,81.59,0,0,4,72,0,anual,credito,cable,centro,0,0.29362501663110646
43,82.53,3441.22,0,0,109.14,0,1,3,39,1,mensual,debito,cable,centro,1,0.5961750517180894
37,87.54,3220.75,0,0,129.26,1,1,1,48,0,bianual,debito,cable,centro,0,0.14385660752349033
51,50.1,2462.19,2,0,132.37,1,1,3,68,0,mensual,credito,cable,centro,0,0.4605266873109267
47,86.53,4208.2,0,2,195.08,1,0,3,64,1,mensual,efectivo,ninguno,centro,1,0.6862323948434376
11,67.24,885.15,3,1,125.25,1,1,3,62,0,bianual,transferencia,movil,sur,0,0.4669718984611957
22,35.86,683.36,4,1,83.7,1,0,4,24,0,mensual,debito,movil,centro,1,0.8697252794055211
10,72.43,637.85,4,2,125.03,1,1,3,40,0,bianual,debito,fibra,sur,0,0.3330409600012302
38,94.04,3586.07,4,0,139.06,0,1,2,42,1,mensual,debito,fibra,centro,1,0.7023828410245819
22,62.16,1398.21,2,1,75.31,1,0,3,56,0,mensual,debito,fibra,centro,1,0.6414978419733962
35,87.13,3395.24,2,1,111.89,1,0,3,44,0,mensual,credito,cable,sur,1,0.7156567429722841
50,49.22,2404.25,1,0,162.26,1,1,3,66,0,mensual,debito,fibra,sur,0,0.3202634517685539
46,94.97,4178.28,1,0,130.85,0,1,2,55,1,mensual,debito,cable,oeste,1,0.6635718078699596
44,86.43,4018.5,2,1,65.26,1,0,1,72,0,anual,debito,cable,sur,0,0.3909095231089272
66,34.33,2382.64,2,0,191.79,0,0,1,27,0,anual,debito,fibra,sur,0,0.1062753145338599
23,57.39,1236.01,1,0,181.83,1,1,2,42,1,anual,efectivo,fibra,norte,0,0.24753056138616872
35,46.4,1574.28,1,0,89.97,1,0,1,24,0,mensual,debito,movil,oeste,1,0.7411637624104954
62,75.09,4682.34,1,2,70.53,0,0,3,37,0,anual,credito,movil,centro,0,0.42815377690061307
43,53.78,2228.29,1,0,139.73,1,0,1,76,1,anual,transferencia,fibra,centro,0,0.15657684551442488
33,75.21,2439.04,1,0,186.2,1,1,3,75,0,bianual,credito,fibra,sur,0,0.08155805475156414
2,65.13,197.39,3,2,5.0,1,1,3,27,1,mensual,transferencia,fibra,centro,1,0.8141535891600755
20,52.4,1003.14,2,0,112.18,0,0,2,41,0,mensual,debito,cable,centro,1,0.7111392996059415
13,69.15,755.62,1,0,132.68,1,1,1,30,0,mensual,credito,movil,norte,1,0.786250021270466
11,49.23,552.59,1,0,178.0,1,0,3,24,0,mensual,transferencia,cable,norte,1,0.6183535518493267
49,87.36,4184.51,3,0,105.23,1,1,4,23,0,anual,credito,fibra,oeste,0,0.19311589677146962
11,79.32,889.54,2,1,114.65,1,1,3,58,1,mensual,transferencia,movil,oeste,1,0.8961146660797075
18,82.3,1739.96,1,1,119.71,1,0,1,34,0,anual,credito,fibra,norte,0,0.2873455186551062
37,62.22,2117.26,1,0,130.1,0,1,1,38,1,mensual,debito,cable,centro,1,0.6343952433273605
59,82.32,4998.89,2,1,120.53,0,1,4,44,0,mensual,credito,cable,centro,1,0.5704535044730145
61,95.93,5727.39,3,0,181.89,1,1,2,69,1,mensual,debito,cable,oeste,1,0.6479138104414168
46,61.19,3000.68,1,2,94.6,1,0,1,75,1,mensual,debito,fibra,sur,1,0.586564756536553
54,68.0,3556.77,4,0,98.88,0,1,1,64,0,anual,efectivo,fibra,centro,0,0.27125548291821183
53,81.36,4450.13,1,0,113.01,0,0,1,65,1,mensual,credito,fibra,sur,0,0.4652561638501821
51,62.31,2919.71,0,1,119.85,1,1,4,51,0,anual,efectivo,movil,centro,0,0.3812405592081935
55,71.68,3690.42,1,0,177.45,0,0,3,64,1,anual,transferencia,movil,norte,0,0.3508273071191301
72,75.36,5656.04,0,2,41.81,0,0,2,57,0,bianual,credito,fibra,centro,0,0.07059396986646505
37,86.22,3366.57,1,1,86.36,1,0,1,58,0,mensual,credito,fibra,centro,1,0.5561656830881699
43,67.63,2954.08,1,0,96.89,0,1,2,64,0,mensual,debito,movil,sur,1,0.7216273387919171
42,103.17,4426.55,1,2,63.42,1,0,2,62,0,mensual,transferencia,fibra,centro,1,0.6305444744854248
69,70.68,4894.43,0,0,5.0,1,1,4,34,1,bianual,transferencia,fibra,sur,0,0.04634516718009129
30,65.95,1811.13,1,0,118.55,1,1,3,38,0,anual,credito,movil,sur,0,0.3914648312551678
49,76.66,3723.02,1,0,191.52,1,0,2,20,1,mensual,credito,cable,oeste,1,0.577444192450569
48,61.46,3037.62,3,0,72.85,0,0,4,55,1,anual,debito,movil,norte,0,0.4999046042080833
4,87.6,193.34,1,1,84.07,0,1,4,44,0,anual,debito,movil,centro,1,0.6882414603832933
48,84.32,4074.37,2,0,83.67,0,1,4,56,0,anual,debito,cable,centro,0,0.28376492668010067
49,60.28,2723.84,2,0,154.02,0,1,3,49,0,mensual,transferencia,ninguno,norte,0,0.4366180497369711
19,74.85,1412.83,1,0,212.17,1,1,2,40,1,anual,debito,cable,sur,0,0.3686438334878231
70,98.08,6896.47,4,2,132.32,1,1,4,50,1,mensual,transferencia,ninguno,centro,1,0.6642396748734429
36,70.24,2492.63,4,0,153.45,0,1,4,45,0,mensual,efectivo,cable,centro,1,0.7680605148730103
20,60.77,1256.23,2,0,239.59,0,0,1,55,1,bianual,credito,fibra,norte,0,0.14663838553462197
1,73.64,50.0,2,1,99.79,1,1,3,57,1,anual,transferencia,movil,centro,1,0.7073759733276613
25,70.53,1957.39,1,1,142.95,1,1,3,40,1,mensual,debito,cable,centro,1,0.7201350584651522
5,48.13,338.85,5,1,199.44,0,1,2,41,0,mensual,transferencia,fibra,oeste,1,0.7572329874971518
33,65.22,2115.95,5,0,132.07,1,0,2,18,0,anual,credito,fibra,sur,0,0.31296352895006785
13,50.5,807.63,0,1,88.2,1,0,1,30,0,mensual,credito,cable,sur,1,0.666884034833682
46,50.17,2256.11,1,0,102.26,0,0,2,55,0,mensual,transferencia,fibra,oeste,0,0.39129926192166703
41,66.34,2753.55,3,0,57.07,1,1,4,58,0,bianual,transferencia,movil,sur,0,0.2789502054644819
18,68.77,1278.12,1,1,155.11,1,1,3,68,1,anual,debito,cable,centro,0,0.4134279269920274
65,26.26,1713.56,5,0,180.65,0,0,2,38,0,mensual,efectivo,cable,centro,1,0.6409835790160232
13,75.62,892.34,0,1,191.7,1,0,4,28,1,bianual,debito,cable,oeste,0,0.2831882120739005
29,40.19,1301.14,2,0,176.34,0,1,1,78,1,mensual,transferencia,fibra,sur,0,0.4879864509872601
66,48.7,3282.51,0,1,148.74,0,0,1,63,0,anual,efectivo,cable,oeste,0,0.21350490378038114
67,77.59,5114.32,0,1,134.25,1,0,4,72,1,mensual,debito,fibra,centro,0,0.3830354460713046
23,90.85,1934.89,3,1,135.83,1,1,2,36,0,mensual,transferencia,cable,centro,1,0.790911138881154
7,84.16,689.12,3,2,181.41,1,0,4,43,0,anual,credito,ninguno,oeste,1,0.553903594070592
37,69.25,2572.42,2,1,148.65,1,0,3,37,0,bianual,transferencia,fibra,norte,0,0.11867030996564232
2,40.83,53.89,0,0,147.43,0,0,1,38,0,bianual,debito,fibra,norte,0,0.12164606243748347
22,64.08,1525.9,0,1,137.29,1,1,4,21,0,mensual,debito,cable,centro,1,0.6312756735007163
72,52.5,3695.83,3,0,136.66,1,0,1,49,0,bianual,credito,movil,norte,0,0.16182571379396185
21,72.34,1581.82,2,1,194.84,1,0,2,63,1,anual,credito,fibra,norte,0,0.3108229503189372
29,51.68,1594.76,1,2,98.57,0,1,2,48,1,mensual,credito,cable,norte,1,0.6970395582200637
17,44.11,650.94,1,0,161.85,1,0,2,52,0,mensual,credito,fibra,oeste,0,0.47714376922157836
34,70.13,2400.58,3,1,201.72,1,0,2,69,0,mensual,debito,cable,sur,1,0.7409420752990342
61,66.43,3998.16,2,3,213.03,1,0,2,78,0,mensual,debito,cable,centro,1,0.6727988551291012
68,55.09,3985.63,3,0,52.96,0,1,3,49,1,mensual,efectivo,movil,centro,1,0.769664969214767
4,38.38,71.68,0,1,92.72,1,1,3,74,0,mensual,transferencia,fibra,norte,0,0.4805735850138175
65,51.85,3321.33,3,0,53.81,1,1,2,33,0,anual,credito,movil,sur,0,0.3096226564759666
65,72.9,4464.75,1,1,179.24,0,0,3,53,1,mensual,credito,ninguno,sur,0,0.4869399727459161
30,86.7,2674.25,1,0,79.92,1,1,3,70,0,mensual,transferencia,ninguno,norte,1,0.5407134714562922
4,95.13,438.89,4,5,178.74,1,1,4,57,0,mensual,credito,cable,centro,1,0.9417785362698711
35,72.83,2472.51,2,0,114.86,0,0,2,47,0,anual,credito,cable,centro,0,0.32499692095646915
38,65.56,2357.39,4,1,60.31,0,1,1,48,0,anual,debito,cable,oeste,0,0.47072912481584633
27,80.18,2202.26,5,0,187.88,1,1,2,20,1,anual,debito,fibra,centro,0,0.4098786129952312
33,64.04,2138.43,0,1,200.07,1,0,1,45,0,mensual,transferencia,fibra,norte,0,0.4350245272585941
33,61.14,1858.73,3,1,170.66,0,1,3,66,0,bianual,credito,fibra,norte,0,0.12838383589473512
59,53.91,3142.39,1,0,227.37,1,1,2,26,1,mensual,credito,fibra,norte,0,0.28510977413971195
19,74.15,1409.17,4,0,143.67,1,1,1,20,0,anual,debito,fibra,oeste,0,0.3666707843465442
67,49.81,3499.36,1,2,112.78,1,1,2,62,0,bianual,debito,movil,norte,0,0.18093939045119353
71,83.04,6187.56,0,0,93.24,0,1,4,23,0,bianual,debito,cable,centro,0,0.0747389935756188
62,52.26,3233.83,1,0,87.56,1,0,3,42,1,anual,efectivo,movil,norte,0,0.36994149710538976
44,15.69,635.76,2,1,13.71,1,1,3,18,1,bianual,debito,cable,oeste,0,0.15390972484843132
61,33.24,1896.43,2,0,117.47,1,0,4,69,0,bianual,transferencia,fibra,sur,0,0.047933266349623214
62,32.84,2162.6,3,1,143.29,1,1,2,27,0,mensual,credito,cable,oeste,0,0.4937844172187007
33,47.25,1369.04,2,0,183.03,1,1,4,55,1,mensual,transferencia,movil,centro,1,0.7334955815056162
27,69.33,1909.49,1,0,82.57,1,1,4,46,1,mensual,credito,movil,norte,1,0.7600252831709157
20,52.29,971.88,1,1,94.81,1,1,3,62,0,mensual,efectivo,fibra,norte,1,0.5901278218885471
2,15.0,99.09,1,0,189.59,0,0,1,55,1,mensual,transferencia,fibra,centro,1,0.530675231947547
22,78.37,1410.17,2,0,190.73,1,1,4,71,1,mensual,credito,fibra,centro,1,0.5770637807231164
5,67.95,442.09,4,2,201.07,1,0,2,21,0,mensual,debito,fibra,norte,1,0.8132390802008549
60,74.52,4496.07,3,2,146.99,1,1,2,76,0,mensual,transferencia,fibra,sur,1,0.5136108040921096
70,52.02,3450.58,2,2,86.28,1,1,2,45,1,anual,debito,cable,sur,0,0.2674499310760826
49,85.33,4299.28,4,2,80.07,1,0,2,22,0,mensual,efectivo,fibra,centro,1,0.7693919059049533
9,88.06,844.47,4,0,150.5,1,1,4,62,0,bianual,debito,cable,norte,0,0.3539902184015258
55,61.32,3172.81,3,1,100.34,0,0,1,78,1,bianual,debito,fibra,sur,0,0.15675958422363495
50,84.16,4229.63,2,1,112.48,1,1,1,39,0,bianual,efectivo,movil,centro,0,0.38250967838731625
69,56.1,3807.85,2,1,86.92,0,1,1,41,0,mensual,efectivo,cable,oeste,1,0.605985805145608
